job_id,arrival_time,mi,required_cores
0,0,250000,2
82,0,250000,2
2,1,50000,1
1,1,100000,8
83,1,100000,8
86,1,150000,2
85,1,200000,4
84,1,50000,1
4,1,150000,2
3,1,200000,4
91,2,250000,8
88,2,50000,4
87,2,250000,8
7,2,150000,1
5,2,250000,8
6,2,50000,4
90,2,200000,2
8,2,200000,2
89,2,150000,1
9,2,250000,8
13,3,200000,2
14,3,50000,4
15,3,100000,1
16,3,200000,8
10,3,100000,4
12,3,250000,1
11,3,150000,8
97,3,100000,1
96,3,50000,4
95,3,200000,2
94,3,250000,1
93,3,150000,8
92,3,100000,4
98,3,200000,8
99,4,150000,2
101,4,50000,4
102,4,100000,1
103,4,200000,8
17,4,150000,2
100,4,250000,8
18,4,250000,8
21,4,200000,8
19,4,50000,4
20,4,100000,1
23,5,250000,4
24,5,50000,8
25,5,200000,2
26,5,150000,4
27,5,250000,1
28,5,50000,8
29,5,200000,2
22,5,150000,2
30,5,100000,1
106,5,50000,8
107,5,200000,2
108,5,150000,4
109,5,250000,1
110,5,50000,8
111,5,200000,2
112,5,100000,1
105,5,250000,4
104,5,150000,2
31,6,150000,4
113,6,150000,4
114,7,250000,8
32,7,250000,8
33,10,50000,1
115,10,50000,1
118,13,100000,4
117,13,150000,8
36,13,100000,4
35,13,150000,8
34,13,200000,2
116,13,200000,2
119,14,250000,8
121,14,200000,4
39,14,200000,4
120,14,50000,2
38,14,50000,2
37,14,250000,8
42,15,250000,8
41,15,150000,2
40,15,100000,1
43,15,50000,4
125,15,50000,4
122,15,100000,1
124,15,250000,8
123,15,150000,2
131,16,150000,4
45,16,150000,4
46,16,250000,8
47,16,50000,2
48,16,100000,8
49,16,150000,4
126,16,200000,1
130,16,100000,8
128,16,250000,8
127,16,150000,4
129,16,50000,2
44,16,200000,1
132,17,200000,2
133,17,250000,8
134,17,50000,1
135,17,100000,2
50,17,200000,2
51,17,250000,8
53,17,100000,2
54,17,200000,4
136,17,200000,4
52,17,50000,1
55,21,150000,8
137,21,150000,8
56,22,250000,4
138,22,250000,4
58,23,100000,8
140,23,100000,8
139,23,50000,1
57,23,50000,1
59,24,200000,4
141,24,200000,4
142,24,150000,2
60,24,150000,2
143,26,250000,8
61,26,250000,8
62,26,100000,4
144,26,100000,4
145,27,50000,1
146,27,200000,8
147,27,150000,2
63,27,50000,1
64,27,200000,8
65,27,150000,2
66,28,250000,4
67,28,50000,8
69,28,200000,2
151,28,200000,2
150,28,100000,8
149,28,50000,8
148,28,250000,4
68,28,100000,8
155,29,100000,1
153,29,250000,8
152,29,150000,4
154,29,50000,4
157,29,150000,8
156,29,200000,2
76,29,250000,4
75,29,150000,8
74,29,200000,2
73,29,100000,1
72,29,50000,4
71,29,250000,8
70,29,150000,4
158,29,250000,4
159,30,50000,8
161,30,200000,1
163,30,250000,2
162,30,150000,8
160,30,100000,4
80,30,150000,8
77,30,50000,8
78,30,100000,4
81,30,250000,2
79,30,200000,1
164,31,250000,2
246,31,250000,2
165,32,100000,8
166,32,50000,1
167,32,200000,4
168,32,150000,2
250,32,150000,2
249,32,200000,4
248,32,50000,1
247,32,100000,8
251,33,250000,8
253,33,150000,1
252,33,50000,4
255,33,250000,8
254,33,200000,2
169,33,250000,8
173,33,250000,8
172,33,200000,2
171,33,150000,1
170,33,50000,4
175,34,150000,8
174,34,100000,4
176,34,250000,1
178,34,50000,4
261,34,100000,1
260,34,50000,4
259,34,200000,2
258,34,250000,1
257,34,150000,8
256,34,100000,4
262,34,200000,8
177,34,200000,2
179,34,100000,1
180,34,200000,8
181,35,150000,2
182,35,250000,8
183,35,50000,4
184,35,100000,1
185,35,200000,8
263,35,150000,2
264,35,250000,8
265,35,50000,4
266,35,100000,1
267,35,200000,8
194,36,100000,1
186,36,150000,2
268,36,150000,2
269,36,250000,4
270,36,50000,8
187,36,250000,4
272,36,150000,4
273,36,250000,1
274,36,50000,8
275,36,200000,2
276,36,100000,1
193,36,200000,2
192,36,50000,8
271,36,200000,2
188,36,50000,8
189,36,200000,2
190,36,150000,4
191,36,250000,1
195,37,150000,4
277,37,150000,4
278,38,250000,8
196,38,250000,8
197,41,50000,1
279,41,50000,1
200,44,100000,4
198,44,200000,2
281,44,150000,8
282,44,100000,4
199,44,150000,8
280,44,200000,2
283,45,250000,8
285,45,200000,4
203,45,200000,4
284,45,50000,2
202,45,50000,2
201,45,250000,8
205,46,150000,2
204,46,100000,1
207,46,50000,4
206,46,250000,8
286,46,100000,1
287,46,150000,2
288,46,250000,8
289,46,50000,4
295,47,150000,4
208,47,200000,1
209,47,150000,4
210,47,250000,8
211,47,50000,2
212,47,100000,8
213,47,150000,4
294,47,100000,8
290,47,200000,1
291,47,150000,4
293,47,50000,2
292,47,250000,8
218,48,200000,4
217,48,100000,2
216,48,50000,1
215,48,250000,8
214,48,200000,2
300,48,200000,4
299,48,100000,2
298,48,50000,1
297,48,250000,8
296,48,200000,2
301,52,150000,8
219,52,150000,8
220,53,250000,4
302,53,250000,4
221,54,50000,1
304,54,100000,8
303,54,50000,1
222,54,100000,8
224,55,150000,2
306,55,150000,2
305,55,200000,4
223,55,200000,4
307,57,250000,8
225,57,250000,8
226,57,100000,4
308,57,100000,4
309,58,50000,1
310,58,200000,8
311,58,150000,2
227,58,50000,1
228,58,200000,8
229,58,150000,2
230,59,250000,4
231,59,50000,8
232,59,100000,8
315,59,200000,2
314,59,100000,8
313,59,50000,8
312,59,250000,4
233,59,200000,2
317,60,250000,8
316,60,150000,4
319,60,100000,1
318,60,50000,4
240,60,250000,4
239,60,150000,8
238,60,200000,2
237,60,100000,1
236,60,50000,4
235,60,250000,8
234,60,150000,4
320,60,200000,2
322,60,250000,4
321,60,150000,8
323,61,50000,8
324,61,100000,4
326,61,150000,8
327,61,250000,2
325,61,200000,1
244,61,150000,8
243,61,200000,1
245,61,250000,2
242,61,100000,4
241,61,50000,8
410,62,250000,2
328,62,250000,2
329,63,100000,8
414,63,150000,2
413,63,200000,4
411,63,100000,8
412,63,50000,1
331,63,200000,4
330,63,50000,1
332,63,150000,2
417,64,150000,1
416,64,50000,4
415,64,250000,8
334,64,50000,4
333,64,250000,8
419,64,250000,8
335,64,150000,1
418,64,200000,2
337,64,250000,8
336,64,200000,2
341,65,200000,2
340,65,250000,1
339,65,150000,8
338,65,100000,4
344,65,200000,8
343,65,100000,1
342,65,50000,4
426,65,200000,8
425,65,100000,1
424,65,50000,4
423,65,200000,2
422,65,250000,1
421,65,150000,8
420,65,100000,4
427,66,150000,2
430,66,100000,1
431,66,200000,8
428,66,250000,8
429,66,50000,4
345,66,150000,2
346,66,250000,8
347,66,50000,4
348,66,100000,1
349,66,200000,8
435,67,200000,2
352,67,50000,8
353,67,200000,2
354,67,150000,4
355,67,250000,1
356,67,50000,8
357,67,200000,2
432,67,150000,2
433,67,250000,4
434,67,50000,8
436,67,150000,4
438,67,50000,8
351,67,250000,4
439,67,200000,2
440,67,100000,1
358,67,100000,1
437,67,250000,1
350,67,150000,2
441,68,150000,4
359,68,150000,4
442,69,250000,8
360,69,250000,8
443,72,50000,1
361,72,50000,1
363,75,150000,8
444,75,200000,2
445,75,150000,8
362,75,200000,2
364,75,100000,4
446,75,100000,4
366,76,50000,2
448,76,50000,2
449,76,200000,4
367,76,200000,4
365,76,250000,8
447,76,250000,8
451,77,150000,2
450,77,100000,1
453,77,50000,4
371,77,50000,4
452,77,250000,8
370,77,250000,8
369,77,150000,2
368,77,100000,1
376,78,100000,8
377,78,150000,4
454,78,200000,1
373,78,150000,4
372,78,200000,1
375,78,50000,2
455,78,150000,4
374,78,250000,8
458,78,100000,8
459,78,150000,4
456,78,250000,8
457,78,50000,2
464,79,200000,4
463,79,100000,2
462,79,50000,1
461,79,250000,8
460,79,200000,2
381,79,100000,2
378,79,200000,2
379,79,250000,8
382,79,200000,4
380,79,50000,1
465,83,150000,8
383,83,150000,8
466,84,250000,4
384,84,250000,4
386,85,100000,8
468,85,100000,8
467,85,50000,1
385,85,50000,1
387,86,200000,4
470,86,150000,2
469,86,200000,4
388,86,150000,2
390,88,100000,4
471,88,250000,8
472,88,100000,4
389,88,250000,8
473,89,50000,1
475,89,150000,2
391,89,50000,1
392,89,200000,8
393,89,150000,2
474,89,200000,8
476,90,250000,4
477,90,50000,8
478,90,100000,8
479,90,200000,2
394,90,250000,4
397,90,200000,2
396,90,100000,8
395,90,50000,8
484,91,200000,2
482,91,50000,4
481,91,250000,8
480,91,150000,4
483,91,100000,1
485,91,150000,8
486,91,250000,4
400,91,50000,4
404,91,250000,4
403,91,150000,8
402,91,200000,2
401,91,100000,1
399,91,250000,8
398,91,150000,4
489,92,200000,1
488,92,100000,4
487,92,50000,8
409,92,250000,2
408,92,150000,8
405,92,50000,8
406,92,100000,4
407,92,200000,1
490,92,150000,8
491,92,250000,2
574,93,250000,2
492,93,250000,2
493,94,100000,8
575,94,100000,8
577,94,200000,4
576,94,50000,1
578,94,150000,2
494,94,50000,1
495,94,200000,4
496,94,150000,2
499,95,150000,1
583,95,250000,8
582,95,200000,2
498,95,50000,4
580,95,50000,4
579,95,250000,8
497,95,250000,8
581,95,150000,1
501,95,250000,8
500,95,200000,2
585,96,150000,8
589,96,100000,1
588,96,50000,4
587,96,200000,2
586,96,250000,1
584,96,100000,4
502,96,100000,4
503,96,150000,8
505,96,200000,2
506,96,50000,4
507,96,100000,1
508,96,200000,8
504,96,250000,1
590,96,200000,8
592,97,250000,8
591,97,150000,2
593,97,50000,4
594,97,100000,1
595,97,200000,8
510,97,250000,8
513,97,200000,8
512,97,100000,1
511,97,50000,4
509,97,150000,2
598,98,50000,8
596,98,150000,2
597,98,250000,4
599,98,200000,2
520,98,50000,8
601,98,250000,1
600,98,150000,4
519,98,250000,1
518,98,150000,4
517,98,200000,2
522,98,100000,1
515,98,250000,4
516,98,50000,8
604,98,100000,1
603,98,200000,2
602,98,50000,8
514,98,150000,2
521,98,200000,2
605,99,150000,4
523,99,150000,4
606,100,250000,8
524,100,250000,8
525,103,50000,1
607,103,50000,1
527,106,150000,8
528,106,100000,4
609,106,150000,8
608,106,200000,2
526,106,200000,2
610,106,100000,4
611,107,250000,8
613,107,200000,4
612,107,50000,2
531,107,200000,4
530,107,50000,2
529,107,250000,8
535,108,50000,4
534,108,250000,8
533,108,150000,2
532,108,100000,1
614,108,100000,1
615,108,150000,2
616,108,250000,8
617,108,50000,4
623,109,150000,4
620,109,250000,8
541,109,150000,4
540,109,100000,8
539,109,50000,2
538,109,250000,8
536,109,200000,1
622,109,100000,8
618,109,200000,1
621,109,50000,2
537,109,150000,4
619,109,150000,4
543,110,250000,8
542,110,200000,2
544,110,50000,1
546,110,200000,4
624,110,200000,2
625,110,250000,8
626,110,50000,1
627,110,100000,2
628,110,200000,4
545,110,100000,2
547,114,150000,8
629,114,150000,8
630,115,250000,4
548,115,250000,4
632,116,100000,8
550,116,100000,8
631,116,50000,1
549,116,50000,1
633,117,200000,4
552,117,150000,2
551,117,200000,4
634,117,150000,2
636,119,100000,4
553,119,250000,8
554,119,100000,4
635,119,250000,8
638,120,200000,8
556,120,200000,8
557,120,150000,2
637,120,50000,1
555,120,50000,1
639,120,150000,2
560,121,100000,8
559,121,50000,8
558,121,250000,4
643,121,200000,2
642,121,100000,8
641,121,50000,8
640,121,250000,4
561,121,200000,2
646,122,50000,4
647,122,100000,1
644,122,150000,4
648,122,200000,2
645,122,250000,8
562,122,150000,4
568,122,250000,4
567,122,150000,8
566,122,200000,2
565,122,100000,1
564,122,50000,4
563,122,250000,8
649,122,150000,8
650,122,250000,4
652,123,100000,4
653,123,200000,1
654,123,150000,8
655,123,250000,2
651,123,50000,8
571,123,200000,1
572,123,150000,8
573,123,250000,2
570,123,100000,4
569,123,50000,8
738,124,250000,2
656,124,250000,2
657,125,100000,8
742,125,150000,2
741,125,200000,4
739,125,100000,8
740,125,50000,1
659,125,200000,4
658,125,50000,1
660,125,150000,2
747,126,250000,8
744,126,50000,4
743,126,250000,8
662,126,50000,4
661,126,250000,8
746,126,200000,2
663,126,150000,1
745,126,150000,1
664,126,200000,2
665,126,250000,8
669,127,200000,2
670,127,50000,4
671,127,100000,1
666,127,100000,4
672,127,200000,8
668,127,250000,1
667,127,150000,8
754,127,200000,8
753,127,100000,1
752,127,50000,4
751,127,200000,2
750,127,250000,1
749,127,150000,8
748,127,100000,4
757,128,50000,4
758,128,100000,1
759,128,200000,8
755,128,150000,2
756,128,250000,8
673,128,150000,2
676,128,100000,1
674,128,250000,8
675,128,50000,4
677,128,200000,8
678,129,150000,2
679,129,250000,4
680,129,50000,8
681,129,200000,2
682,129,150000,4
683,129,250000,1
684,129,50000,8
685,129,200000,2
686,129,100000,1
762,129,50000,8
763,129,200000,2
764,129,150000,4
765,129,250000,1
766,129,50000,8
767,129,200000,2
768,129,100000,1
760,129,150000,2
761,129,250000,4
769,130,150000,4
687,130,150000,4
688,131,250000,8
770,131,250000,8
771,134,50000,1
689,134,50000,1
691,137,150000,8
773,137,150000,8
774,137,100000,4
692,137,100000,4
690,137,200000,2
772,137,200000,2
775,138,250000,8
777,138,200000,4
776,138,50000,2
693,138,250000,8
695,138,200000,4
694,138,50000,2
699,139,50000,4
698,139,250000,8
696,139,100000,1
697,139,150000,2
779,139,150000,2
780,139,250000,8
781,139,50000,4
778,139,100000,1
705,140,150000,4
700,140,200000,1
701,140,150000,4
702,140,250000,8
703,140,50000,2
704,140,100000,8
784,140,250000,8
783,140,150000,4
782,140,200000,1
785,140,50000,2
786,140,100000,8
787,140,150000,4
708,141,50000,1
791,141,100000,2
792,141,200000,4
788,141,200000,2
706,141,200000,2
789,141,250000,8
790,141,50000,1
709,141,100000,2
710,141,200000,4
707,141,250000,8
793,145,150000,8
711,145,150000,8
712,146,250000,4
794,146,250000,4
714,147,100000,8
795,147,50000,1
713,147,50000,1
796,147,100000,8
797,148,200000,4
715,148,200000,4
798,148,150000,2
716,148,150000,2
799,150,250000,8
717,150,250000,8
718,150,100000,4
800,150,100000,4
801,151,50000,1
802,151,200000,8
803,151,150000,2
719,151,50000,1
720,151,200000,8
721,151,150000,2
722,152,250000,4
723,152,50000,8
725,152,200000,2
807,152,200000,2
806,152,100000,8
805,152,50000,8
804,152,250000,4
724,152,100000,8
810,153,50000,4
809,153,250000,8
808,153,150000,4
811,153,100000,1
732,153,250000,4
812,153,200000,2
731,153,150000,8
730,153,200000,2
729,153,100000,1
728,153,50000,4
727,153,250000,8
726,153,150000,4
814,153,250000,4
813,153,150000,8
816,154,100000,4
817,154,200000,1
818,154,150000,8
819,154,250000,2
815,154,50000,8
736,154,150000,8
735,154,200000,1
734,154,100000,4
733,154,50000,8
737,154,250000,2
902,155,250000,2
820,155,250000,2
903,156,100000,8
904,156,50000,1
906,156,150000,2
905,156,200000,4
824,156,150000,2
823,156,200000,4
822,156,50000,1
821,156,100000,8
907,157,250000,8
908,157,50000,4
909,157,150000,1
910,157,200000,2
911,157,250000,8
829,157,250000,8
828,157,200000,2
827,157,150000,1
826,157,50000,4
825,157,250000,8
918,158,200000,8
916,158,50000,4
915,158,200000,2
914,158,250000,1
917,158,100000,1
913,158,150000,8
912,158,100000,4
830,158,100000,4
831,158,150000,8
832,158,250000,1
833,158,200000,2
834,158,50000,4
835,158,100000,1
836,158,200000,8
839,159,50000,4
919,159,150000,2
837,159,150000,2
840,159,100000,1
923,159,200000,8
920,159,250000,8
841,159,200000,8
922,159,100000,1
838,159,250000,8
921,159,50000,4
847,160,250000,1
932,160,100000,1
924,160,150000,2
927,160,200000,2
926,160,50000,8
846,160,150000,4
928,160,150000,4
929,160,250000,1
930,160,50000,8
931,160,200000,2
842,160,150000,2
843,160,250000,4
844,160,50000,8
850,160,100000,1
849,160,200000,2
845,160,200000,2
925,160,250000,4
848,160,50000,8
933,161,150000,4
851,161,150000,4
852,162,250000,8
934,162,250000,8
853,165,50000,1
935,165,50000,1
937,168,150000,8
856,168,100000,4
855,168,150000,8
854,168,200000,2
938,168,100000,4
936,168,200000,2
940,169,50000,2
858,169,50000,2
859,169,200000,4
941,169,200000,4
939,169,250000,8
857,169,250000,8
945,170,50000,4
943,170,150000,2
860,170,100000,1
861,170,150000,2
862,170,250000,8
863,170,50000,4
942,170,100000,1
944,170,250000,8
946,171,200000,1
868,171,100000,8
947,171,150000,4
867,171,50000,2
864,171,200000,1
865,171,150000,4
869,171,150000,4
951,171,150000,4
950,171,100000,8
949,171,50000,2
948,171,250000,8
866,171,250000,8
870,172,200000,2
874,172,200000,4
872,172,50000,1
873,172,100000,2
956,172,200000,4
955,172,100000,2
954,172,50000,1
953,172,250000,8
952,172,200000,2
871,172,250000,8
957,176,150000,8
875,176,150000,8
876,177,250000,4
958,177,250000,4
959,178,50000,1
878,178,100000,8
877,178,50000,1
960,178,100000,8
961,179,200000,4
962,179,150000,2
879,179,200000,4
880,179,150000,2
963,181,250000,8
964,181,100000,4
882,181,100000,4
881,181,250000,8
965,182,50000,1
967,182,150000,2
885,182,150000,2
884,182,200000,8
883,182,50000,1
966,182,200000,8
968,183,250000,4
969,183,50000,8
970,183,100000,8
971,183,200000,2
889,183,200000,2
888,183,100000,8
886,183,250000,4
887,183,50000,8
977,184,150000,8
973,184,250000,8
974,184,50000,4
975,184,100000,1
972,184,150000,4
976,184,200000,2
896,184,250000,4
895,184,150000,8
894,184,200000,2
893,184,100000,1
892,184,50000,4
891,184,250000,8
890,184,150000,4
978,184,250000,4
980,185,100000,4
981,185,200000,1
982,185,150000,8
983,185,250000,2
979,185,50000,8
897,185,50000,8
900,185,150000,8
898,185,100000,4
901,185,250000,2
899,185,200000,1
984,186,250000,2
1066,186,250000,2
985,187,100000,8
986,187,50000,1
987,187,200000,4
988,187,150000,2
1070,187,150000,2
1069,187,200000,4
1068,187,50000,1
1067,187,100000,8
1071,188,250000,8
1073,188,150000,1
1072,188,50000,4
1075,188,250000,8
1074,188,200000,2
989,188,250000,8
993,188,250000,8
992,188,200000,2
991,188,150000,1
990,188,50000,4
995,189,150000,8
994,189,100000,4
996,189,250000,1
998,189,50000,4
1081,189,100000,1
1080,189,50000,4
1079,189,200000,2
1078,189,250000,1
1077,189,150000,8
1076,189,100000,4
1082,189,200000,8
997,189,200000,2
999,189,100000,1
1000,189,200000,8
1001,190,150000,2
1002,190,250000,8
1003,190,50000,4
1004,190,100000,1
1005,190,200000,8
1083,190,150000,2
1084,190,250000,8
1085,190,50000,4
1086,190,100000,1
1087,190,200000,8
1014,191,100000,1
1006,191,150000,2
1088,191,150000,2
1089,191,250000,4
1090,191,50000,8
1007,191,250000,4
1092,191,150000,4
1093,191,250000,1
1094,191,50000,8
1095,191,200000,2
1096,191,100000,1
1013,191,200000,2
1012,191,50000,8
1091,191,200000,2
1008,191,50000,8
1009,191,200000,2
1010,191,150000,4
1011,191,250000,1
1015,192,150000,4
1097,192,150000,4
1098,193,250000,8
1016,193,250000,8
1017,196,50000,1
1099,196,50000,1
1020,199,100000,4
1019,199,150000,8
1101,199,150000,8
1102,199,100000,4
1018,199,200000,2
1100,199,200000,2
1103,200,250000,8
1105,200,200000,4
1023,200,200000,4
1104,200,50000,2
1022,200,50000,2
1021,200,250000,8
1025,201,150000,2
1024,201,100000,1
1027,201,50000,4
1026,201,250000,8
1106,201,100000,1
1107,201,150000,2
1108,201,250000,8
1109,201,50000,4
1115,202,150000,4
1028,202,200000,1
1029,202,150000,4
1030,202,250000,8
1031,202,50000,2
1032,202,100000,8
1033,202,150000,4
1114,202,100000,8
1112,202,250000,8
1111,202,150000,4
1113,202,50000,2
1110,202,200000,1
1038,203,200000,4
1037,203,100000,2
1036,203,50000,1
1035,203,250000,8
1034,203,200000,2
1120,203,200000,4
1119,203,100000,2
1118,203,50000,1
1117,203,250000,8
1116,203,200000,2
1039,207,150000,8
1121,207,150000,8
1122,208,250000,4
1040,208,250000,4
1041,209,50000,1
1124,209,100000,8
1123,209,50000,1
1042,209,100000,8
1044,210,150000,2
1125,210,200000,4
1126,210,150000,2
1043,210,200000,4
1128,212,100000,4
1045,212,250000,8
1046,212,100000,4
1127,212,250000,8
1130,213,200000,8
1131,213,150000,2
1047,213,50000,1
1048,213,200000,8
1049,213,150000,2
1129,213,50000,1
1050,214,250000,4
1051,214,50000,8
1053,214,200000,2
1135,214,200000,2
1134,214,100000,8
1133,214,50000,8
1132,214,250000,4
1052,214,100000,8
1138,215,50000,4
1137,215,250000,8
1136,215,150000,4
1140,215,200000,2
1139,215,100000,1
1142,215,250000,4
1060,215,250000,4
1059,215,150000,8
1058,215,200000,2
1057,215,100000,1
1056,215,50000,4
1055,215,250000,8
1054,215,150000,4
1141,215,150000,8
1144,216,100000,4
1145,216,200000,1
1146,216,150000,8
1143,216,50000,8
1147,216,250000,2
1062,216,100000,4
1064,216,150000,8
1063,216,200000,1
1065,216,250000,2
1061,216,50000,8
1230,217,250000,2
1148,217,250000,2
1149,218,100000,8
1234,218,150000,2
1233,218,200000,4
1231,218,100000,8
1232,218,50000,1
1151,218,200000,4
1150,218,50000,1
1152,218,150000,2
1237,219,150000,1
1236,219,50000,4
1235,219,250000,8
1154,219,50000,4
1153,219,250000,8
1239,219,250000,8
1155,219,150000,1
1238,219,200000,2
1157,219,250000,8
1156,219,200000,2
1161,220,200000,2
1160,220,250000,1
1159,220,150000,8
1158,220,100000,4
1164,220,200000,8
1163,220,100000,1
1162,220,50000,4
1246,220,200000,8
1245,220,100000,1
1244,220,50000,4
1243,220,200000,2
1242,220,250000,1
1241,220,150000,8
1240,220,100000,4
1247,221,150000,2
1250,221,100000,1
1251,221,200000,8
1248,221,250000,8
1249,221,50000,4
1165,221,150000,2
1166,221,250000,8
1167,221,50000,4
1168,221,100000,1
1169,221,200000,8
1255,222,200000,2
1172,222,50000,8
1173,222,200000,2
1174,222,150000,4
1175,222,250000,1
1176,222,50000,8
1177,222,200000,2
1252,222,150000,2
1253,222,250000,4
1254,222,50000,8
1256,222,150000,4
1258,222,50000,8
1171,222,250000,4
1259,222,200000,2
1260,222,100000,1
1178,222,100000,1
1257,222,250000,1
1170,222,150000,2
1261,223,150000,4
1179,223,150000,4
1262,224,250000,8
1180,224,250000,8
1263,227,50000,1
1181,227,50000,1
1183,230,150000,8
1264,230,200000,2
1265,230,150000,8
1182,230,200000,2
1184,230,100000,4
1266,230,100000,4
1186,231,50000,2
1268,231,50000,2
1269,231,200000,4
1187,231,200000,4
1185,231,250000,8
1267,231,250000,8
1271,232,150000,2
1270,232,100000,1
1273,232,50000,4
1191,232,50000,4
1272,232,250000,8
1190,232,250000,8
1189,232,150000,2
1188,232,100000,1
1196,233,100000,8
1197,233,150000,4
1274,233,200000,1
1193,233,150000,4
1192,233,200000,1
1195,233,50000,2
1275,233,150000,4
1194,233,250000,8
1278,233,100000,8
1279,233,150000,4
1276,233,250000,8
1277,233,50000,2
1284,234,200000,4
1283,234,100000,2
1282,234,50000,1
1281,234,250000,8
1280,234,200000,2
1201,234,100000,2
1198,234,200000,2
1199,234,250000,8
1202,234,200000,4
1200,234,50000,1
1285,238,150000,8
1203,238,150000,8
1286,239,250000,4
1204,239,250000,4
1206,240,100000,8
1288,240,100000,8
1287,240,50000,1
1205,240,50000,1
1207,241,200000,4
1290,241,150000,2
1289,241,200000,4
1208,241,150000,2
1210,243,100000,4
1291,243,250000,8
1292,243,100000,4
1209,243,250000,8
1293,244,50000,1
1295,244,150000,2
1211,244,50000,1
1212,244,200000,8
1213,244,150000,2
1294,244,200000,8
1296,245,250000,4
1297,245,50000,8
1298,245,100000,8
1299,245,200000,2
1214,245,250000,4
1217,245,200000,2
1216,245,100000,8
1215,245,50000,8
1305,246,150000,8
1303,246,100000,1
1302,246,50000,4
1300,246,150000,4
1304,246,200000,2
1306,246,250000,4
1301,246,250000,8
1221,246,100000,1
1224,246,250000,4
1223,246,150000,8
1218,246,150000,4
1222,246,200000,2
1219,246,250000,8
1220,246,50000,4
1309,247,200000,1
1308,247,100000,4
1307,247,50000,8
1228,247,150000,8
1229,247,250000,2
1225,247,50000,8
1226,247,100000,4
1227,247,200000,1
1310,247,150000,8
1311,247,250000,2
1394,248,250000,2
1312,248,250000,2
1313,249,100000,8
1398,249,150000,2
1397,249,200000,4
1396,249,50000,1
1395,249,100000,8
1315,249,200000,4
1314,249,50000,1
1316,249,150000,2
1403,250,250000,8
1402,250,200000,2
1401,250,150000,1
1400,250,50000,4
1399,250,250000,8
1318,250,50000,4
1317,250,250000,8
1319,250,150000,1
1321,250,250000,8
1320,250,200000,2
1326,251,50000,4
1327,251,100000,1
1328,251,200000,8
1323,251,150000,8
1322,251,100000,4
1404,251,100000,4
1325,251,200000,2
1405,251,150000,8
1407,251,200000,2
1408,251,50000,4
1409,251,100000,1
1410,251,200000,8
1406,251,250000,1
1324,251,250000,1
1329,252,150000,2
1415,252,200000,8
1414,252,100000,1
1413,252,50000,4
1330,252,250000,8
1411,252,150000,2
1331,252,50000,4
1332,252,100000,1
1333,252,200000,8
1412,252,250000,8
1416,253,150000,2
1417,253,250000,4
1418,253,50000,8
1419,253,200000,2
1420,253,150000,4
1421,253,250000,1
1422,253,50000,8
1423,253,200000,2
1334,253,150000,2
1335,253,250000,4
1336,253,50000,8
1337,253,200000,2
1338,253,150000,4
1339,253,250000,1
1340,253,50000,8
1341,253,200000,2
1342,253,100000,1
1424,253,100000,1
1425,254,150000,4
1343,254,150000,4
1344,255,250000,8
1426,255,250000,8
1427,258,50000,1
1345,258,50000,1
1428,261,200000,2
1429,261,150000,8
1430,261,100000,4
1346,261,200000,2
1347,261,150000,8
1348,261,100000,4
1349,262,250000,8
1351,262,200000,4
1432,262,50000,2
1431,262,250000,8
1350,262,50000,2
1433,262,200000,4
1435,263,150000,2
1434,263,100000,1
1437,263,50000,4
1352,263,100000,1
1353,263,150000,2
1354,263,250000,8
1355,263,50000,4
1436,263,250000,8
1439,264,150000,4
1361,264,150000,4
1360,264,100000,8
1359,264,50000,2
1358,264,250000,8
1357,264,150000,4
1443,264,150000,4
1442,264,100000,8
1441,264,50000,2
1440,264,250000,8
1356,264,200000,1
1438,264,200000,1
1362,265,200000,2
1363,265,250000,8
1364,265,50000,1
1365,265,100000,2
1366,265,200000,4
1444,265,200000,2
1445,265,250000,8
1446,265,50000,1
1447,265,100000,2
1448,265,200000,4
1367,269,150000,8
1449,269,150000,8
1368,270,250000,4
1450,270,250000,4
1369,271,50000,1
1451,271,50000,1
1452,271,100000,8
1370,271,100000,8
1453,272,200000,4
1454,272,150000,2
1372,272,150000,2
1371,272,200000,4
1455,274,250000,8
1374,274,100000,4
1373,274,250000,8
1456,274,100000,4
1376,275,200000,8
1458,275,200000,8
1457,275,50000,1
1375,275,50000,1
1377,275,150000,2
1459,275,150000,2
1378,276,250000,4
1379,276,50000,8
1380,276,100000,8
1381,276,200000,2
1460,276,250000,4
1463,276,200000,2
1462,276,100000,8
1461,276,50000,8
1470,277,250000,4
1467,277,100000,1
1466,277,50000,4
1465,277,250000,8
1464,277,150000,4
1468,277,200000,2
1469,277,150000,8
1382,277,150000,4
1388,277,250000,4
1387,277,150000,8
1386,277,200000,2
1385,277,100000,1
1384,277,50000,4
1383,277,250000,8
1392,278,150000,8
1391,278,200000,1
1390,278,100000,4
1389,278,50000,8
1393,278,250000,2
1471,278,50000,8
1472,278,100000,4
1473,278,200000,1
1474,278,150000,8
1475,278,250000,2
1558,279,250000,2
1476,279,250000,2
1477,280,100000,8
1562,280,150000,2
1561,280,200000,4
1560,280,50000,1
1559,280,100000,8
1479,280,200000,4
1478,280,50000,1
1480,280,150000,2
1567,281,250000,8
1566,281,200000,2
1565,281,150000,1
1564,281,50000,4
1563,281,250000,8
1482,281,50000,4
1481,281,250000,8
1483,281,150000,1
1485,281,250000,8
1484,281,200000,2
1490,282,50000,4
1491,282,100000,1
1492,282,200000,8
1487,282,150000,8
1486,282,100000,4
1568,282,100000,4
1489,282,200000,2
1569,282,150000,8
1571,282,200000,2
1572,282,50000,4
1573,282,100000,1
1574,282,200000,8
1570,282,250000,1
1488,282,250000,1
1493,283,150000,2
1579,283,200000,8
1578,283,100000,1
1577,283,50000,4
1494,283,250000,8
1575,283,150000,2
1495,283,50000,4
1496,283,100000,1
1497,283,200000,8
1576,283,250000,8
1580,284,150000,2
1581,284,250000,4
1582,284,50000,8
1583,284,200000,2
1584,284,150000,4
1585,284,250000,1
1586,284,50000,8
1587,284,200000,2
1498,284,150000,2
1499,284,250000,4
1500,284,50000,8
1501,284,200000,2
1502,284,150000,4
1503,284,250000,1
1504,284,50000,8
1505,284,200000,2
1506,284,100000,1
1588,284,100000,1
1589,285,150000,4
1507,285,150000,4
1508,286,250000,8
1590,286,250000,8
1591,289,50000,1
1509,289,50000,1
1592,292,200000,2
1593,292,150000,8
1594,292,100000,4
1510,292,200000,2
1511,292,150000,8
1512,292,100000,4
1513,293,250000,8
1515,293,200000,4
1596,293,50000,2
1595,293,250000,8
1514,293,50000,2
1597,293,200000,4
1599,294,150000,2
1598,294,100000,1
1601,294,50000,4
1516,294,100000,1
1517,294,150000,2
1518,294,250000,8
1519,294,50000,4
1600,294,250000,8
1603,295,150000,4
1525,295,150000,4
1524,295,100000,8
1523,295,50000,2
1522,295,250000,8
1521,295,150000,4
1607,295,150000,4
1606,295,100000,8
1605,295,50000,2
1604,295,250000,8
1520,295,200000,1
1602,295,200000,1
1526,296,200000,2
1527,296,250000,8
1528,296,50000,1
1529,296,100000,2
1530,296,200000,4
1608,296,200000,2
1609,296,250000,8
1610,296,50000,1
1611,296,100000,2
1612,296,200000,4
1531,300,150000,8
1613,300,150000,8
1532,301,250000,4
1614,301,250000,4
1533,302,50000,1
1615,302,50000,1
1616,302,100000,8
1534,302,100000,8
1617,303,200000,4
1618,303,150000,2
1536,303,150000,2
1535,303,200000,4
1619,305,250000,8
1538,305,100000,4
1537,305,250000,8
1620,305,100000,4
1540,306,200000,8
1623,306,150000,2
1539,306,50000,1
1541,306,150000,2
1622,306,200000,8
1621,306,50000,1
1626,307,100000,8
1545,307,200000,2
1544,307,100000,8
1543,307,50000,8
1542,307,250000,4
1625,307,50000,8
1624,307,250000,4
1627,307,200000,2
1628,308,150000,4
1629,308,250000,8
1630,308,50000,4
1631,308,100000,1
1633,308,150000,8
1632,308,200000,2
1634,308,250000,4
1552,308,250000,4
1551,308,150000,8
1550,308,200000,2
1549,308,100000,1
1548,308,50000,4
1547,308,250000,8
1546,308,150000,4
1556,309,150000,8
1639,309,250000,2
1637,309,200000,1
1636,309,100000,4
1635,309,50000,8
1638,309,150000,8
1553,309,50000,8
1554,309,100000,4
1555,309,200000,1
1557,309,250000,2
1722,310,250000,2
1640,310,250000,2
1723,311,100000,8
1724,311,50000,1
1725,311,200000,4
1644,311,150000,2
1642,311,50000,1
1641,311,100000,8
1643,311,200000,4
1726,311,150000,2
1731,312,250000,8
1728,312,50000,4
1729,312,150000,1
1730,312,200000,2
1727,312,250000,8
1645,312,250000,8
1646,312,50000,4
1647,312,150000,1
1648,312,200000,2
1649,312,250000,8
1650,313,100000,4
1652,313,250000,1
1653,313,200000,2
1655,313,100000,1
1734,313,250000,1
1735,313,200000,2
1736,313,50000,4
1737,313,100000,1
1738,313,200000,8
1654,313,50000,4
1733,313,150000,8
1732,313,100000,4
1651,313,150000,8
1656,313,200000,8
1739,314,150000,2
1741,314,50000,4
1740,314,250000,8
1657,314,150000,2
1658,314,250000,8
1659,314,50000,4
1660,314,100000,1
1661,314,200000,8
1742,314,100000,1
1743,314,200000,8
1663,315,250000,4
1748,315,150000,4
1749,315,250000,1
1750,315,50000,8
1751,315,200000,2
1752,315,100000,1
1664,315,50000,8
1745,315,250000,4
1747,315,200000,2
1746,315,50000,8
1669,315,200000,2
1744,315,150000,2
1668,315,50000,8
1667,315,250000,1
1666,315,150000,4
1665,315,200000,2
1662,315,150000,2
1670,315,100000,1
1753,316,150000,4
1671,316,150000,4
1754,317,250000,8
1672,317,250000,8
1755,320,50000,1
1673,320,50000,1
1758,323,100000,4
1757,323,150000,8
1674,323,200000,2
1676,323,100000,4
1756,323,200000,2
1675,323,150000,8
1761,324,200000,4
1679,324,200000,4
1678,324,50000,2
1677,324,250000,8
1760,324,50000,2
1759,324,250000,8
1763,325,150000,2
1764,325,250000,8
1765,325,50000,4
1683,325,50000,4
1681,325,150000,2
1680,325,100000,1
1762,325,100000,1
1682,325,250000,8
1767,326,150000,4
1769,326,50000,2
1689,326,150000,4
1688,326,100000,8
1687,326,50000,2
1768,326,250000,8
1685,326,150000,4
1684,326,200000,1
1686,326,250000,8
1771,326,150000,4
1770,326,100000,8
1766,326,200000,1
1775,327,100000,2
1774,327,50000,1
1773,327,250000,8
1772,327,200000,2
1690,327,200000,2
1691,327,250000,8
1692,327,50000,1
1693,327,100000,2
1694,327,200000,4
1776,327,200000,4
1695,331,150000,8
1777,331,150000,8
1696,332,250000,4
1778,332,250000,4
1698,333,100000,8
1697,333,50000,1
1779,333,50000,1
1780,333,100000,8
1700,334,150000,2
1699,334,200000,4
1782,334,150000,2
1781,334,200000,4
1783,336,250000,8
1702,336,100000,4
1784,336,100000,4
1701,336,250000,8
1785,337,50000,1
1787,337,150000,2
1786,337,200000,8
1703,337,50000,1
1704,337,200000,8
1705,337,150000,2
1706,338,250000,4
1791,338,200000,2
1790,338,100000,8
1789,338,50000,8
1788,338,250000,4
1709,338,200000,2
1708,338,100000,8
1707,338,50000,8
1796,339,200000,2
1795,339,100000,1
1794,339,50000,4
1793,339,250000,8
1792,339,150000,4
1798,339,250000,4
1710,339,150000,4
1711,339,250000,8
1712,339,50000,4
1713,339,100000,1
1714,339,200000,2
1715,339,150000,8
1716,339,250000,4
1797,339,150000,8
1800,340,100000,4
1801,340,200000,1
1802,340,150000,8
1803,340,250000,2
1720,340,150000,8
1721,340,250000,2
1717,340,50000,8
1718,340,100000,4
1719,340,200000,1
1799,340,50000,8
1804,341,250000,2
1886,341,250000,2
1889,342,200000,4
1887,342,100000,8
1888,342,50000,1
1890,342,150000,2
1807,342,200000,4
1806,342,50000,1
1805,342,100000,8
1808,342,150000,2
1892,343,50000,4
1893,343,150000,1
1894,343,200000,2
1895,343,250000,8
1891,343,250000,8
1811,343,150000,1
1809,343,250000,8
1810,343,50000,4
1812,343,200000,2
1813,343,250000,8
1820,344,200000,8
1902,344,200000,8
1819,344,100000,1
1899,344,200000,2
1898,344,250000,1
1897,344,150000,8
1815,344,150000,8
1814,344,100000,4
1901,344,100000,1
1816,344,250000,1
1817,344,200000,2
1818,344,50000,4
1896,344,100000,4
1900,344,50000,4
1903,345,150000,2
1905,345,50000,4
1906,345,100000,1
1907,345,200000,8
1825,345,200000,8
1823,345,50000,4
1822,345,250000,8
1821,345,150000,2
1904,345,250000,8
1824,345,100000,1
1915,346,200000,2
1912,346,150000,4
1909,346,250000,4
1911,346,200000,2
1916,346,100000,1
1908,346,150000,2
1910,346,50000,8
1914,346,50000,8
1913,346,250000,1
1833,346,200000,2
1832,346,50000,8
1831,346,250000,1
1830,346,150000,4
1834,346,100000,1
1828,346,50000,8
1827,346,250000,4
1826,346,150000,2
1829,346,200000,2
1835,347,150000,4
1917,347,150000,4
1836,348,250000,8
1918,348,250000,8
1837,351,50000,1
1919,351,50000,1
1921,354,150000,8
1920,354,200000,2
1922,354,100000,4
1839,354,150000,8
1840,354,100000,4
1838,354,200000,2
1924,355,50000,2
1923,355,250000,8
1842,355,50000,2
1843,355,200000,4
1925,355,200000,4
1841,355,250000,8
1844,356,100000,1
1845,356,150000,2
1927,356,150000,2
1847,356,50000,4
1928,356,250000,8
1929,356,50000,4
1926,356,100000,1
1846,356,250000,8
1852,357,100000,8
1849,357,150000,4
1848,357,200000,1
1934,357,100000,8
1933,357,50000,2
1932,357,250000,8
1931,357,150000,4
1935,357,150000,4
1853,357,150000,4
1851,357,50000,2
1850,357,250000,8
1930,357,200000,1
1855,358,250000,8
1936,358,200000,2
1937,358,250000,8
1938,358,50000,1
1939,358,100000,2
1940,358,200000,4
1854,358,200000,2
1858,358,200000,4
1857,358,100000,2
1856,358,50000,1
1941,362,150000,8
1859,362,150000,8
1942,363,250000,4
1860,363,250000,4
1944,364,100000,8
1943,364,50000,1
1861,364,50000,1
1862,364,100000,8
1946,365,150000,2
1945,365,200000,4
1863,365,200000,4
1864,365,150000,2
1948,367,100000,4
1947,367,250000,8
1866,367,100000,4
1865,367,250000,8
1867,368,50000,1
1949,368,50000,1
1951,368,150000,2
1950,368,200000,8
1869,368,150000,2
1868,368,200000,8
1953,369,50000,8
1954,369,100000,8
1955,369,200000,2
1952,369,250000,4
1873,369,200000,2
1872,369,100000,8
1871,369,50000,8
1870,369,250000,4
1961,370,150000,8
1960,370,200000,2
1958,370,50000,4
1957,370,250000,8
1956,370,150000,4
1962,370,250000,4
1959,370,100000,1
1874,370,150000,4
1880,370,250000,4
1879,370,150000,8
1878,370,200000,2
1877,370,100000,1
1876,370,50000,4
1875,370,250000,8
1884,371,150000,8
1883,371,200000,1
1882,371,100000,4
1881,371,50000,8
1885,371,250000,2
1963,371,50000,8
1964,371,100000,4
1965,371,200000,1
1966,371,150000,8
1967,371,250000,2
2050,372,250000,2
1968,372,250000,2
1969,373,100000,8
2051,373,100000,8
2053,373,200000,4
2052,373,50000,1
2054,373,150000,2
1970,373,50000,1
1971,373,200000,4
1972,373,150000,2
1975,374,150000,1
2059,374,250000,8
2058,374,200000,2
1974,374,50000,4
2056,374,50000,4
2055,374,250000,8
1973,374,250000,8
2057,374,150000,1
1977,374,250000,8
1976,374,200000,2
2061,375,150000,8
2065,375,100000,1
2064,375,50000,4
2063,375,200000,2
2062,375,250000,1
2060,375,100000,4
1978,375,100000,4
1979,375,150000,8
1981,375,200000,2
1982,375,50000,4
1983,375,100000,1
1984,375,200000,8
1980,375,250000,1
2066,375,200000,8
2068,376,250000,8
2067,376,150000,2
2069,376,50000,4
2070,376,100000,1
2071,376,200000,8
1986,376,250000,8
1989,376,200000,8
1988,376,100000,1
1987,376,50000,4
1985,376,150000,2
2074,377,50000,8
2072,377,150000,2
2073,377,250000,4
2075,377,200000,2
1997,377,200000,2
2077,377,250000,1
2076,377,150000,4
1995,377,250000,1
1994,377,150000,4
1993,377,200000,2
1998,377,100000,1
1991,377,250000,4
1992,377,50000,8
2080,377,100000,1
2079,377,200000,2
2078,377,50000,8
1990,377,150000,2
1996,377,50000,8
2081,378,150000,4
1999,378,150000,4
2082,379,250000,8
2000,379,250000,8
2001,382,50000,1
2083,382,50000,1
2003,385,150000,8
2004,385,100000,4
2085,385,150000,8
2084,385,200000,2
2002,385,200000,2
2086,385,100000,4
2087,386,250000,8
2089,386,200000,4
2088,386,50000,2
2007,386,200000,4
2006,386,50000,2
2005,386,250000,8
2011,387,50000,4
2010,387,250000,8
2009,387,150000,2
2008,387,100000,1
2090,387,100000,1
2091,387,150000,2
2092,387,250000,8
2093,387,50000,4
2099,388,150000,4
2096,388,250000,8
2017,388,150000,4
2016,388,100000,8
2015,388,50000,2
2014,388,250000,8
2012,388,200000,1
2098,388,100000,8
2094,388,200000,1
2097,388,50000,2
2013,388,150000,4
2095,388,150000,4
2019,389,250000,8
2018,389,200000,2
2020,389,50000,1
2022,389,200000,4
2100,389,200000,2
2101,389,250000,8
2102,389,50000,1
2103,389,100000,2
2104,389,200000,4
2021,389,100000,2
2023,393,150000,8
2105,393,150000,8
2106,394,250000,4
2024,394,250000,4
2107,395,50000,1
2108,395,100000,8
2026,395,100000,8
2025,395,50000,1
2028,396,150000,2
2027,396,200000,4
2109,396,200000,4
2110,396,150000,2
2111,398,250000,8
2029,398,250000,8
2030,398,100000,4
2112,398,100000,4
2113,399,50000,1
2032,399,200000,8
2033,399,150000,2
2031,399,50000,1
2115,399,150000,2
2114,399,200000,8
2118,400,100000,8
2036,400,100000,8
2035,400,50000,8
2034,400,250000,4
2117,400,50000,8
2116,400,250000,4
2119,400,200000,2
2037,400,200000,2
2120,401,150000,4
2121,401,250000,8
2122,401,50000,4
2123,401,100000,1
2038,401,150000,4
2044,401,250000,4
2043,401,150000,8
2042,401,200000,2
2041,401,100000,1
2040,401,50000,4
2039,401,250000,8
2124,401,200000,2
2126,401,250000,4
2125,401,150000,8
2127,402,50000,8
2128,402,100000,4
2129,402,200000,1
2130,402,150000,8
2131,402,250000,2
2048,402,150000,8
2047,402,200000,1
2046,402,100000,4
2045,402,50000,8
2049,402,250000,2
2214,403,250000,2
2132,403,250000,2
2133,404,100000,8
2218,404,150000,2
2217,404,200000,4
2215,404,100000,8
2216,404,50000,1
2135,404,200000,4
2134,404,50000,1
2136,404,150000,2
2221,405,150000,1
2220,405,50000,4
2219,405,250000,8
2138,405,50000,4
2137,405,250000,8
2223,405,250000,8
2139,405,150000,1
2222,405,200000,2
2141,405,250000,8
2140,405,200000,2
2145,406,200000,2
2144,406,250000,1
2143,406,150000,8
2142,406,100000,4
2148,406,200000,8
2147,406,100000,1
2146,406,50000,4
2230,406,200000,8
2229,406,100000,1
2228,406,50000,4
2227,406,200000,2
2226,406,250000,1
2225,406,150000,8
2224,406,100000,4
2231,407,150000,2
2234,407,100000,1
2235,407,200000,8
2232,407,250000,8
2233,407,50000,4
2149,407,150000,2
2150,407,250000,8
2151,407,50000,4
2152,407,100000,1
2153,407,200000,8
2239,408,200000,2
2156,408,50000,8
2157,408,200000,2
2158,408,150000,4
2159,408,250000,1
2160,408,50000,8
2161,408,200000,2
2236,408,150000,2
2237,408,250000,4
2238,408,50000,8
2240,408,150000,4
2242,408,50000,8
2155,408,250000,4
2243,408,200000,2
2244,408,100000,1
2162,408,100000,1
2241,408,250000,1
2154,408,150000,2
2245,409,150000,4
2163,409,150000,4
2246,410,250000,8
2164,410,250000,8
2247,413,50000,1
2165,413,50000,1
2167,416,150000,8
2248,416,200000,2
2249,416,150000,8
2166,416,200000,2
2168,416,100000,4
2250,416,100000,4
2170,417,50000,2
2252,417,50000,2
2253,417,200000,4
2171,417,200000,4
2169,417,250000,8
2251,417,250000,8
2255,418,150000,2
2254,418,100000,1
2257,418,50000,4
2175,418,50000,4
2256,418,250000,8
2174,418,250000,8
2173,418,150000,2
2172,418,100000,1
2180,419,100000,8
2181,419,150000,4
2258,419,200000,1
2177,419,150000,4
2176,419,200000,1
2179,419,50000,2
2259,419,150000,4
2178,419,250000,8
2262,419,100000,8
2263,419,150000,4
2260,419,250000,8
2261,419,50000,2
2268,420,200000,4
2267,420,100000,2
2266,420,50000,1
2265,420,250000,8
2264,420,200000,2
2185,420,100000,2
2182,420,200000,2
2183,420,250000,8
2186,420,200000,4
2184,420,50000,1
2269,424,150000,8
2187,424,150000,8
2270,425,250000,4
2188,425,250000,4
2190,426,100000,8
2272,426,100000,8
2271,426,50000,1
2189,426,50000,1
2191,427,200000,4
2274,427,150000,2
2273,427,200000,4
2192,427,150000,2
2194,429,100000,4
2275,429,250000,8
2276,429,100000,4
2193,429,250000,8
2277,430,50000,1
2279,430,150000,2
2195,430,50000,1
2196,430,200000,8
2197,430,150000,2
2278,430,200000,8
2280,431,250000,4
2281,431,50000,8
2282,431,100000,8
2283,431,200000,2
2198,431,250000,4
2201,431,200000,2
2200,431,100000,8
2199,431,50000,8
2289,432,150000,8
2287,432,100000,1
2286,432,50000,4
2285,432,250000,8
2288,432,200000,2
2290,432,250000,4
2284,432,150000,4
2205,432,100000,1
2208,432,250000,4
2202,432,150000,4
2207,432,150000,8
2206,432,200000,2
2203,432,250000,8
2204,432,50000,4
2293,433,200000,1
2292,433,100000,4
2291,433,50000,8
2212,433,150000,8
2213,433,250000,2
2209,433,50000,8
2210,433,100000,4
2211,433,200000,1
2294,433,150000,8
2295,433,250000,2
2378,434,250000,2
2296,434,250000,2
2297,435,100000,8
2382,435,150000,2
2381,435,200000,4
2380,435,50000,1
2379,435,100000,8
2299,435,200000,4
2298,435,50000,1
2300,435,150000,2
2387,436,250000,8
2386,436,200000,2
2385,436,150000,1
2384,436,50000,4
2383,436,250000,8
2302,436,50000,4
2301,436,250000,8
2303,436,150000,1
2305,436,250000,8
2304,436,200000,2
2310,437,50000,4
2311,437,100000,1
2312,437,200000,8
2307,437,150000,8
2306,437,100000,4
2388,437,100000,4
2309,437,200000,2
2389,437,150000,8
2391,437,200000,2
2392,437,50000,4
2393,437,100000,1
2394,437,200000,8
2390,437,250000,1
2308,437,250000,1
2313,438,150000,2
2399,438,200000,8
2398,438,100000,1
2397,438,50000,4
2314,438,250000,8
2395,438,150000,2
2315,438,50000,4
2316,438,100000,1
2317,438,200000,8
2396,438,250000,8
2400,439,150000,2
2401,439,250000,4
2402,439,50000,8
2403,439,200000,2
2404,439,150000,4
2405,439,250000,1
2406,439,50000,8
2407,439,200000,2
2318,439,150000,2
2319,439,250000,4
2320,439,50000,8
2321,439,200000,2
2322,439,150000,4
2323,439,250000,1
2324,439,50000,8
2325,439,200000,2
2326,439,100000,1
2408,439,100000,1
2409,440,150000,4
2327,440,150000,4
2328,441,250000,8
2410,441,250000,8
2411,444,50000,1
2329,444,50000,1
2412,447,200000,2
2413,447,150000,8
2414,447,100000,4
2330,447,200000,2
2331,447,150000,8
2332,447,100000,4
2333,448,250000,8
2335,448,200000,4
2416,448,50000,2
2415,448,250000,8
2334,448,50000,2
2417,448,200000,4
2419,449,150000,2
2418,449,100000,1
2421,449,50000,4
2336,449,100000,1
2337,449,150000,2
2338,449,250000,8
2339,449,50000,4
2420,449,250000,8
2423,450,150000,4
2345,450,150000,4
2344,450,100000,8
2343,450,50000,2
2342,450,250000,8
2341,450,150000,4
2427,450,150000,4
2426,450,100000,8
2425,450,50000,2
2424,450,250000,8
2340,450,200000,1
2422,450,200000,1
2346,451,200000,2
2347,451,250000,8
2348,451,50000,1
2349,451,100000,2
2350,451,200000,4
2428,451,200000,2
2429,451,250000,8
2430,451,50000,1
2431,451,100000,2
2432,451,200000,4
2351,455,150000,8
2433,455,150000,8
2352,456,250000,4
2434,456,250000,4
2353,457,50000,1
2435,457,50000,1
2436,457,100000,8
2354,457,100000,8
2437,458,200000,4
2438,458,150000,2
2356,458,150000,2
2355,458,200000,4
2439,460,250000,8
2358,460,100000,4
2357,460,250000,8
2440,460,100000,4
2360,461,200000,8
2443,461,150000,2
2359,461,50000,1
2361,461,150000,2
2442,461,200000,8
2441,461,50000,1
2446,462,100000,8
2365,462,200000,2
2364,462,100000,8
2363,462,50000,8
2362,462,250000,4
2445,462,50000,8
2444,462,250000,4
2447,462,200000,2
2449,463,250000,8
2450,463,50000,4
2451,463,100000,1
2452,463,200000,2
2454,463,250000,4
2453,463,150000,8
2448,463,150000,4
2372,463,250000,4
2371,463,150000,8
2370,463,200000,2
2369,463,100000,1
2368,463,50000,4
2367,463,250000,8
2366,463,150000,4
2376,464,150000,8
2459,464,250000,2
2377,464,250000,2
2457,464,200000,1
2456,464,100000,4
2458,464,150000,8
2373,464,50000,8
2374,464,100000,4
2375,464,200000,1
2455,464,50000,8
2460,465,250000,2
2542,465,250000,2
2545,466,200000,4
2543,466,100000,8
2544,466,50000,1
2464,466,150000,2
2462,466,50000,1
2461,466,100000,8
2463,466,200000,4
2546,466,150000,2
2548,467,50000,4
2549,467,150000,1
2550,467,200000,2
2551,467,250000,8
2547,467,250000,8
2465,467,250000,8
2466,467,50000,4
2467,467,150000,1
2468,467,200000,2
2469,467,250000,8
2470,468,100000,4
2552,468,100000,4
2473,468,200000,2
2475,468,100000,1
2555,468,200000,2
2556,468,50000,4
2557,468,100000,1
2558,468,200000,8
2474,468,50000,4
2472,468,250000,1
2554,468,250000,1
2553,468,150000,8
2471,468,150000,8
2476,468,200000,8
2560,469,250000,8
2561,469,50000,4
2477,469,150000,2
2559,469,150000,2
2478,469,250000,8
2479,469,50000,4
2480,469,100000,1
2481,469,200000,8
2562,469,100000,1
2563,469,200000,8
2483,470,250000,4
2568,470,150000,4
2569,470,250000,1
2570,470,50000,8
2571,470,200000,2
2572,470,100000,1
2484,470,50000,8
2565,470,250000,4
2490,470,100000,1
2489,470,200000,2
2564,470,150000,2
2488,470,50000,8
2487,470,250000,1
2486,470,150000,4
2485,470,200000,2
2482,470,150000,2
2567,470,200000,2
2566,470,50000,8
2491,471,150000,4
2573,471,150000,4
2492,472,250000,8
2574,472,250000,8
2575,475,50000,1
2493,475,50000,1
2577,478,150000,8
2578,478,100000,4
2494,478,200000,2
2496,478,100000,4
2576,478,200000,2
2495,478,150000,8
2581,479,200000,4
2499,479,200000,4
2498,479,50000,2
2497,479,250000,8
2580,479,50000,2
2579,479,250000,8
2583,480,150000,2
2584,480,250000,8
2503,480,50000,4
2502,480,250000,8
2500,480,100000,1
2585,480,50000,4
2582,480,100000,1
2501,480,150000,2
2587,481,150000,4
2589,481,50000,2
2509,481,150000,4
2508,481,100000,8
2507,481,50000,2
2588,481,250000,8
2505,481,150000,4
2504,481,200000,1
2506,481,250000,8
2591,481,150000,4
2590,481,100000,8
2586,481,200000,1
2595,482,100000,2
2594,482,50000,1
2593,482,250000,8
2592,482,200000,2
2510,482,200000,2
2511,482,250000,8
2512,482,50000,1
2513,482,100000,2
2514,482,200000,4
2596,482,200000,4
2515,486,150000,8
2597,486,150000,8
2516,487,250000,4
2598,487,250000,4
2517,488,50000,1
2599,488,50000,1
2600,488,100000,8
2518,488,100000,8
2601,489,200000,4
2602,489,150000,2
2519,489,200000,4
2520,489,150000,2
2604,491,100000,4
2522,491,100000,4
2521,491,250000,8
2603,491,250000,8
2605,492,50000,1
2607,492,150000,2
2606,492,200000,8
2523,492,50000,1
2524,492,200000,8
2525,492,150000,2
2526,493,250000,4
2611,493,200000,2
2610,493,100000,8
2609,493,50000,8
2608,493,250000,4
2529,493,200000,2
2528,493,100000,8
2527,493,50000,8
2616,494,200000,2
2615,494,100000,1
2614,494,50000,4
2613,494,250000,8
2612,494,150000,4
2618,494,250000,4
2530,494,150000,4
2531,494,250000,8
2532,494,50000,4
2533,494,100000,1
2534,494,200000,2
2535,494,150000,8
2536,494,250000,4
2617,494,150000,8
2620,495,100000,4
2621,495,200000,1
2622,495,150000,8
2623,495,250000,2
2540,495,150000,8
2541,495,250000,2
2537,495,50000,8
2538,495,100000,4
2539,495,200000,1
2619,495,50000,8
2624,496,250000,2
2706,496,250000,2
2709,497,200000,4
2707,497,100000,8
2708,497,50000,1
2710,497,150000,2
2627,497,200000,4
2626,497,50000,1
2625,497,100000,8
2628,497,150000,2
2712,498,50000,4
2713,498,150000,1
2714,498,200000,2
2715,498,250000,8
2711,498,250000,8
2631,498,150000,1
2629,498,250000,8
2630,498,50000,4
2632,498,200000,2
2633,498,250000,8
2640,499,200000,8
2722,499,200000,8
2639,499,100000,1
2719,499,200000,2
2718,499,250000,1
2717,499,150000,8
2635,499,150000,8
2634,499,100000,4
2721,499,100000,1
2636,499,250000,1
2637,499,200000,2
2638,499,50000,4
2716,499,100000,4
2720,499,50000,4
2723,500,150000,2
2725,500,50000,4
2726,500,100000,1
2727,500,200000,8
2645,500,200000,8
2643,500,50000,4
2642,500,250000,8
2641,500,150000,2
2724,500,250000,8
2644,500,100000,1
2735,501,200000,2
2732,501,150000,4
2729,501,250000,4
2731,501,200000,2
2736,501,100000,1
2728,501,150000,2
2730,501,50000,8
2734,501,50000,8
2733,501,250000,1
2653,501,200000,2
2652,501,50000,8
2651,501,250000,1
2650,501,150000,4
2654,501,100000,1
2648,501,50000,8
2647,501,250000,4
2646,501,150000,2
2649,501,200000,2
2655,502,150000,4
2737,502,150000,4
2656,503,250000,8
2738,503,250000,8
2657,506,50000,1
2739,506,50000,1
2741,509,150000,8
2740,509,200000,2
2742,509,100000,4
2659,509,150000,8
2660,509,100000,4
2658,509,200000,2
2744,510,50000,2
2743,510,250000,8
2662,510,50000,2
2663,510,200000,4
2745,510,200000,4
2661,510,250000,8
2664,511,100000,1
2665,511,150000,2
2747,511,150000,2
2667,511,50000,4
2748,511,250000,8
2749,511,50000,4
2746,511,100000,1
2666,511,250000,8
2672,512,100000,8
2669,512,150000,4
2668,512,200000,1
2754,512,100000,8
2753,512,50000,2
2752,512,250000,8
2751,512,150000,4
2755,512,150000,4
2673,512,150000,4
2671,512,50000,2
2670,512,250000,8
2750,512,200000,1
2675,513,250000,8
2756,513,200000,2
2757,513,250000,8
2758,513,50000,1
2759,513,100000,2
2760,513,200000,4
2674,513,200000,2
2678,513,200000,4
2677,513,100000,2
2676,513,50000,1
2761,517,150000,8
2679,517,150000,8
2762,518,250000,4
2680,518,250000,4
2764,519,100000,8
2763,519,50000,1
2681,519,50000,1
2682,519,100000,8
2766,520,150000,2
2765,520,200000,4
2683,520,200000,4
2684,520,150000,2
2768,522,100000,4
2767,522,250000,8
2686,522,100000,4
2685,522,250000,8
2687,523,50000,1
2769,523,50000,1
2771,523,150000,2
2770,523,200000,8
2689,523,150000,2
2688,523,200000,8
2773,524,50000,8
2774,524,100000,8
2775,524,200000,2
2772,524,250000,4
2693,524,200000,2
2692,524,100000,8
2691,524,50000,8
2690,524,250000,4
2781,525,150000,8
2780,525,200000,2
2778,525,50000,4
2777,525,250000,8
2776,525,150000,4
2782,525,250000,4
2779,525,100000,1
2700,525,250000,4
2699,525,150000,8
2698,525,200000,2
2697,525,100000,1
2696,525,50000,4
2695,525,250000,8
2694,525,150000,4
2704,526,150000,8
2787,526,250000,2
2785,526,200000,1
2784,526,100000,4
2783,526,50000,8
2786,526,150000,8
2701,526,50000,8
2702,526,100000,4
2703,526,200000,1
2705,526,250000,2
2870,527,250000,2
2788,527,250000,2
2871,528,100000,8
2872,528,50000,1
2873,528,200000,4
2792,528,150000,2
2790,528,50000,1
2789,528,100000,8
2791,528,200000,4
2874,528,150000,2
2879,529,250000,8
2876,529,50000,4
2877,529,150000,1
2878,529,200000,2
2875,529,250000,8
2793,529,250000,8
2794,529,50000,4
2795,529,150000,1
2796,529,200000,2
2797,529,250000,8
2798,530,100000,4
2800,530,250000,1
2801,530,200000,2
2803,530,100000,1
2882,530,250000,1
2883,530,200000,2
2884,530,50000,4
2885,530,100000,1
2886,530,200000,8
2802,530,50000,4
2881,530,150000,8
2880,530,100000,4
2799,530,150000,8
2804,530,200000,8
2887,531,150000,2
2889,531,50000,4
2888,531,250000,8
2805,531,150000,2
2806,531,250000,8
2807,531,50000,4
2808,531,100000,1
2809,531,200000,8
2890,531,100000,1
2891,531,200000,8
2811,532,250000,4
2896,532,150000,4
2897,532,250000,1
2898,532,50000,8
2899,532,200000,2
2900,532,100000,1
2812,532,50000,8
2893,532,250000,4
2895,532,200000,2
2894,532,50000,8
2817,532,200000,2
2892,532,150000,2
2816,532,50000,8
2815,532,250000,1
2814,532,150000,4
2813,532,200000,2
2810,532,150000,2
2818,532,100000,1
2901,533,150000,4
2819,533,150000,4
2902,534,250000,8
2820,534,250000,8
2903,537,50000,1
2821,537,50000,1
2906,540,100000,4
2905,540,150000,8
2822,540,200000,2
2824,540,100000,4
2904,540,200000,2
2823,540,150000,8
2909,541,200000,4
2827,541,200000,4
2826,541,50000,2
2825,541,250000,8
2908,541,50000,2
2907,541,250000,8
2911,542,150000,2
2912,542,250000,8
2913,542,50000,4
2831,542,50000,4
2829,542,150000,2
2828,542,100000,1
2910,542,100000,1
2830,542,250000,8
2915,543,150000,4
2917,543,50000,2
2837,543,150000,4
2836,543,100000,8
2835,543,50000,2
2916,543,250000,8
2833,543,150000,4
2832,543,200000,1
2834,543,250000,8
2919,543,150000,4
2918,543,100000,8
2914,543,200000,1
2923,544,100000,2
2922,544,50000,1
2921,544,250000,8
2920,544,200000,2
2838,544,200000,2
2839,544,250000,8
2840,544,50000,1
2841,544,100000,2
2842,544,200000,4
2924,544,200000,4
2843,548,150000,8
2925,548,150000,8
2844,549,250000,4
2926,549,250000,4
2846,550,100000,8
2845,550,50000,1
2927,550,50000,1
2928,550,100000,8
2848,551,150000,2
2847,551,200000,4
2930,551,150000,2
2929,551,200000,4
2931,553,250000,8
2850,553,100000,4
2932,553,100000,4
2849,553,250000,8
2933,554,50000,1
2934,554,200000,8
2935,554,150000,2
2851,554,50000,1
2852,554,200000,8
2853,554,150000,2
2854,555,250000,4
2939,555,200000,2
2938,555,100000,8
2937,555,50000,8
2936,555,250000,4
2857,555,200000,2
2856,555,100000,8
2855,555,50000,8
2944,556,200000,2
2943,556,100000,1
2942,556,50000,4
2941,556,250000,8
2940,556,150000,4
2946,556,250000,4
2858,556,150000,4
2859,556,250000,8
2860,556,50000,4
2861,556,100000,1
2862,556,200000,2
2863,556,150000,8
2864,556,250000,4
2945,556,150000,8
2948,557,100000,4
2949,557,200000,1
2950,557,150000,8
2951,557,250000,2
2868,557,150000,8
2869,557,250000,2
2865,557,50000,8
2866,557,100000,4
2867,557,200000,1
2947,557,50000,8
2952,558,250000,2
3034,558,250000,2
3037,559,200000,4
3035,559,100000,8
3036,559,50000,1
3038,559,150000,2
2955,559,200000,4
2954,559,50000,1
2953,559,100000,8
2956,559,150000,2
3040,560,50000,4
3041,560,150000,1
3042,560,200000,2
3043,560,250000,8
3039,560,250000,8
2959,560,150000,1
2957,560,250000,8
2958,560,50000,4
2960,560,200000,2
2961,560,250000,8
2968,561,200000,8
3050,561,200000,8
2967,561,100000,1
3047,561,200000,2
3046,561,250000,1
3045,561,150000,8
2963,561,150000,8
2962,561,100000,4
3049,561,100000,1
2964,561,250000,1
2965,561,200000,2
2966,561,50000,4
3044,561,100000,4
3048,561,50000,4
3051,562,150000,2
3053,562,50000,4
3054,562,100000,1
3055,562,200000,8
2973,562,200000,8
2971,562,50000,4
2970,562,250000,8
2969,562,150000,2
3052,562,250000,8
2972,562,100000,1
3063,563,200000,2
3060,563,150000,4
3057,563,250000,4
3059,563,200000,2
3064,563,100000,1
3056,563,150000,2
3058,563,50000,8
3062,563,50000,8
3061,563,250000,1
2981,563,200000,2
2980,563,50000,8
2979,563,250000,1
2978,563,150000,4
2982,563,100000,1
2976,563,50000,8
2975,563,250000,4
2974,563,150000,2
2977,563,200000,2
2983,564,150000,4
3065,564,150000,4
2984,565,250000,8
3066,565,250000,8
2985,568,50000,1
3067,568,50000,1
3069,571,150000,8
3068,571,200000,2
3070,571,100000,4
2987,571,150000,8
2988,571,100000,4
2986,571,200000,2
3072,572,50000,2
3071,572,250000,8
2990,572,50000,2
2991,572,200000,4
3073,572,200000,4
2989,572,250000,8
2992,573,100000,1
2993,573,150000,2
3075,573,150000,2
2995,573,50000,4
3076,573,250000,8
3077,573,50000,4
3074,573,100000,1
2994,573,250000,8
3000,574,100000,8
2997,574,150000,4
2996,574,200000,1
3082,574,100000,8
3081,574,50000,2
3080,574,250000,8
3079,574,150000,4
3083,574,150000,4
3001,574,150000,4
2999,574,50000,2
2998,574,250000,8
3078,574,200000,1
3003,575,250000,8
3084,575,200000,2
3085,575,250000,8
3086,575,50000,1
3087,575,100000,2
3088,575,200000,4
3002,575,200000,2
3006,575,200000,4
3005,575,100000,2
3004,575,50000,1
3089,579,150000,8
3007,579,150000,8
3090,580,250000,4
3008,580,250000,4
3092,581,100000,8
3091,581,50000,1
3009,581,50000,1
3010,581,100000,8
3094,582,150000,2
3093,582,200000,4
3011,582,200000,4
3012,582,150000,2
3096,584,100000,4
3095,584,250000,8
3014,584,100000,4
3013,584,250000,8
3015,585,50000,1
3097,585,50000,1
3099,585,150000,2
3098,585,200000,8
3017,585,150000,2
3016,585,200000,8
3101,586,50000,8
3102,586,100000,8
3103,586,200000,2
3100,586,250000,4
3021,586,200000,2
3020,586,100000,8
3019,586,50000,8
3018,586,250000,4
3110,587,250000,4
3108,587,200000,2
3106,587,50000,4
3105,587,250000,8
3104,587,150000,4
3109,587,150000,8
3107,587,100000,1
3023,587,250000,8
3028,587,250000,4
3027,587,150000,8
3026,587,200000,2
3025,587,100000,1
3024,587,50000,4
3022,587,150000,4
3032,588,150000,8
3031,588,200000,1
3030,588,100000,4
3029,588,50000,8
3033,588,250000,2
3111,588,50000,8
3112,588,100000,4
3113,588,200000,1
3114,588,150000,8
3115,588,250000,2
3198,589,250000,2
3116,589,250000,2
3117,590,100000,8
3199,590,100000,8
3201,590,200000,4
3200,590,50000,1
3202,590,150000,2
3118,590,50000,1
3119,590,200000,4
3120,590,150000,2
3123,591,150000,1
3207,591,250000,8
3206,591,200000,2
3122,591,50000,4
3204,591,50000,4
3203,591,250000,8
3121,591,250000,8
3205,591,150000,1
3125,591,250000,8
3124,591,200000,2
3209,592,150000,8
3213,592,100000,1
3212,592,50000,4
3211,592,200000,2
3210,592,250000,1
3208,592,100000,4
3126,592,100000,4
3127,592,150000,8
3129,592,200000,2
3130,592,50000,4
3131,592,100000,1
3132,592,200000,8
3128,592,250000,1
3214,592,200000,8
3216,593,250000,8
3215,593,150000,2
3217,593,50000,4
3218,593,100000,1
3219,593,200000,8
3134,593,250000,8
3137,593,200000,8
3136,593,100000,1
3135,593,50000,4
3133,593,150000,2
3222,594,50000,8
3220,594,150000,2
3221,594,250000,4
3223,594,200000,2
3145,594,200000,2
3225,594,250000,1
3224,594,150000,4
3143,594,250000,1
3142,594,150000,4
3141,594,200000,2
3146,594,100000,1
3139,594,250000,4
3140,594,50000,8
3228,594,100000,1
3227,594,200000,2
3226,594,50000,8
3138,594,150000,2
3144,594,50000,8
3229,595,150000,4
3147,595,150000,4
3230,596,250000,8
3148,596,250000,8
3149,599,50000,1
3231,599,50000,1
3151,602,150000,8
3152,602,100000,4
3233,602,150000,8
3232,602,200000,2
3150,602,200000,2
3234,602,100000,4
3235,603,250000,8
3237,603,200000,4
3236,603,50000,2
3155,603,200000,4
3154,603,50000,2
3153,603,250000,8
3159,604,50000,4
3158,604,250000,8
3157,604,150000,2
3156,604,100000,1
3238,604,100000,1
3239,604,150000,2
3240,604,250000,8
3241,604,50000,4
3247,605,150000,4
3244,605,250000,8
3165,605,150000,4
3164,605,100000,8
3163,605,50000,2
3162,605,250000,8
3160,605,200000,1
3246,605,100000,8
3242,605,200000,1
3245,605,50000,2
3161,605,150000,4
3243,605,150000,4
3167,606,250000,8
3166,606,200000,2
3168,606,50000,1
3170,606,200000,4
3248,606,200000,2
3249,606,250000,8
3250,606,50000,1
3251,606,100000,2
3252,606,200000,4
3169,606,100000,2
3171,610,150000,8
3253,610,150000,8
3254,611,250000,4
3172,611,250000,4
3256,612,100000,8
3174,612,100000,8
3255,612,50000,1
3173,612,50000,1
3257,613,200000,4
3176,613,150000,2
3175,613,200000,4
3258,613,150000,2
3260,615,100000,4
3177,615,250000,8
3178,615,100000,4
3259,615,250000,8
3262,616,200000,8
3179,616,50000,1
3181,616,150000,2
3261,616,50000,1
3180,616,200000,8
3263,616,150000,2
3184,617,100000,8
3183,617,50000,8
3182,617,250000,4
3267,617,200000,2
3266,617,100000,8
3265,617,50000,8
3264,617,250000,4
3185,617,200000,2
3270,618,50000,4
3271,618,100000,1
3268,618,150000,4
3272,618,200000,2
3269,618,250000,8
3187,618,250000,8
3192,618,250000,4
3191,618,150000,8
3190,618,200000,2
3189,618,100000,1
3188,618,50000,4
3186,618,150000,4
3273,618,150000,8
3274,618,250000,4
3276,619,100000,4
3279,619,250000,2
3277,619,200000,1
3278,619,150000,8
3275,619,50000,8
3195,619,200000,1
3196,619,150000,8
3194,619,100000,4
3193,619,50000,8
3197,619,250000,2
3362,620,250000,2
3280,620,250000,2
3281,621,100000,8
3366,621,150000,2
3365,621,200000,4
3363,621,100000,8
3364,621,50000,1
3283,621,200000,4
3282,621,50000,1
3284,621,150000,2
3369,622,150000,1
3368,622,50000,4
3367,622,250000,8
3286,622,50000,4
3285,622,250000,8
3371,622,250000,8
3287,622,150000,1
3370,622,200000,2
3289,622,250000,8
3288,622,200000,2
3293,623,200000,2
3292,623,250000,1
3291,623,150000,8
3290,623,100000,4
3296,623,200000,8
3295,623,100000,1
3294,623,50000,4
3378,623,200000,8
3377,623,100000,1
3376,623,50000,4
3375,623,200000,2
3374,623,250000,1
3373,623,150000,8
3372,623,100000,4
3379,624,150000,2
3382,624,100000,1
3383,624,200000,8
3380,624,250000,8
3381,624,50000,4
3297,624,150000,2
3298,624,250000,8
3299,624,50000,4
3300,624,100000,1
3301,624,200000,8
3387,625,200000,2
3304,625,50000,8
3305,625,200000,2
3306,625,150000,4
3307,625,250000,1
3308,625,50000,8
3309,625,200000,2
3384,625,150000,2
3385,625,250000,4
3386,625,50000,8
3388,625,150000,4
3390,625,50000,8
3303,625,250000,4
3391,625,200000,2
3392,625,100000,1
3310,625,100000,1
3389,625,250000,1
3302,625,150000,2
3393,626,150000,4
3311,626,150000,4
3394,627,250000,8
3312,627,250000,8
3395,630,50000,1
3313,630,50000,1
3315,633,150000,8
3396,633,200000,2
3397,633,150000,8
3314,633,200000,2
3316,633,100000,4
3398,633,100000,4
3318,634,50000,2
3400,634,50000,2
3401,634,200000,4
3319,634,200000,4
3317,634,250000,8
3399,634,250000,8
3403,635,150000,2
3402,635,100000,1
3405,635,50000,4
3323,635,50000,4
3404,635,250000,8
3322,635,250000,8
3321,635,150000,2
3320,635,100000,1
3328,636,100000,8
3329,636,150000,4
3406,636,200000,1
3325,636,150000,4
3324,636,200000,1
3327,636,50000,2
3407,636,150000,4
3326,636,250000,8
3410,636,100000,8
3411,636,150000,4
3408,636,250000,8
3409,636,50000,2
3416,637,200000,4
3415,637,100000,2
3414,637,50000,1
3413,637,250000,8
3412,637,200000,2
3333,637,100000,2
3330,637,200000,2
3331,637,250000,8
3334,637,200000,4
3332,637,50000,1
3417,641,150000,8
3335,641,150000,8
3418,642,250000,4
3336,642,250000,4
3338,643,100000,8
3420,643,100000,8
3419,643,50000,1
3337,643,50000,1
3339,644,200000,4
3422,644,150000,2
3421,644,200000,4
3340,644,150000,2
3342,646,100000,4
3423,646,250000,8
3424,646,100000,4
3341,646,250000,8
3425,647,50000,1
3427,647,150000,2
3343,647,50000,1
3344,647,200000,8
3345,647,150000,2
3426,647,200000,8
3428,648,250000,4
3429,648,50000,8
3430,648,100000,8
3431,648,200000,2
3346,648,250000,4
3349,648,200000,2
3348,648,100000,8
3347,648,50000,8
3437,649,150000,8
3435,649,100000,1
3434,649,50000,4
3432,649,150000,4
3436,649,200000,2
3438,649,250000,4
3433,649,250000,8
3353,649,100000,1
3356,649,250000,4
3355,649,150000,8
3350,649,150000,4
3354,649,200000,2
3351,649,250000,8
3352,649,50000,4
3441,650,200000,1
3440,650,100000,4
3439,650,50000,8
3360,650,150000,8
3361,650,250000,2
3357,650,50000,8
3358,650,100000,4
3359,650,200000,1
3442,650,150000,8
3443,650,250000,2
3526,651,250000,2
3444,651,250000,2
3445,652,100000,8
3530,652,150000,2
3529,652,200000,4
3528,652,50000,1
3527,652,100000,8
3447,652,200000,4
3446,652,50000,1
3448,652,150000,2
3535,653,250000,8
3534,653,200000,2
3533,653,150000,1
3532,653,50000,4
3531,653,250000,8
3450,653,50000,4
3449,653,250000,8
3451,653,150000,1
3453,653,250000,8
3452,653,200000,2
3458,654,50000,4
3459,654,100000,1
3460,654,200000,8
3455,654,150000,8
3454,654,100000,4
3536,654,100000,4
3457,654,200000,2
3537,654,150000,8
3539,654,200000,2
3540,654,50000,4
3541,654,100000,1
3542,654,200000,8
3538,654,250000,1
3456,654,250000,1
3461,655,150000,2
3547,655,200000,8
3546,655,100000,1
3545,655,50000,4
3462,655,250000,8
3543,655,150000,2
3463,655,50000,4
3464,655,100000,1
3465,655,200000,8
3544,655,250000,8
3548,656,150000,2
3549,656,250000,4
3550,656,50000,8
3551,656,200000,2
3552,656,150000,4
3553,656,250000,1
3554,656,50000,8
3555,656,200000,2
3466,656,150000,2
3467,656,250000,4
3468,656,50000,8
3469,656,200000,2
3470,656,150000,4
3471,656,250000,1
3472,656,50000,8
3473,656,200000,2
3474,656,100000,1
3556,656,100000,1
3557,657,150000,4
3475,657,150000,4
3476,658,250000,8
3558,658,250000,8
3559,661,50000,1
3477,661,50000,1
3560,664,200000,2
3561,664,150000,8
3562,664,100000,4
3478,664,200000,2
3479,664,150000,8
3480,664,100000,4
3481,665,250000,8
3483,665,200000,4
3564,665,50000,2
3563,665,250000,8
3482,665,50000,2
3565,665,200000,4
3567,666,150000,2
3566,666,100000,1
3569,666,50000,4
3484,666,100000,1
3485,666,150000,2
3486,666,250000,8
3487,666,50000,4
3568,666,250000,8
3571,667,150000,4
3493,667,150000,4
3492,667,100000,8
3491,667,50000,2
3490,667,250000,8
3489,667,150000,4
3575,667,150000,4
3574,667,100000,8
3573,667,50000,2
3572,667,250000,8
3488,667,200000,1
3570,667,200000,1
3494,668,200000,2
3495,668,250000,8
3496,668,50000,1
3497,668,100000,2
3498,668,200000,4
3576,668,200000,2
3577,668,250000,8
3578,668,50000,1
3579,668,100000,2
3580,668,200000,4
3499,672,150000,8
3581,672,150000,8
3500,673,250000,4
3582,673,250000,4
3501,674,50000,1
3583,674,50000,1
3584,674,100000,8
3502,674,100000,8
3585,675,200000,4
3586,675,150000,2
3504,675,150000,2
3503,675,200000,4
3587,677,250000,8
3506,677,100000,4
3505,677,250000,8
3588,677,100000,4
3508,678,200000,8
3590,678,200000,8
3589,678,50000,1
3507,678,50000,1
3509,678,150000,2
3591,678,150000,2
3510,679,250000,4
3511,679,50000,8
3512,679,100000,8
3513,679,200000,2
3592,679,250000,4
3595,679,200000,2
3594,679,100000,8
3593,679,50000,8
3602,680,250000,4
3599,680,100000,1
3598,680,50000,4
3597,680,250000,8
3596,680,150000,4
3600,680,200000,2
3601,680,150000,8
3520,680,250000,4
3519,680,150000,8
3518,680,200000,2
3517,680,100000,1
3516,680,50000,4
3515,680,250000,8
3514,680,150000,4
3524,681,150000,8
3523,681,200000,1
3522,681,100000,4
3521,681,50000,8
3525,681,250000,2
3603,681,50000,8
3604,681,100000,4
3605,681,200000,1
3606,681,150000,8
3607,681,250000,2
3690,682,250000,2
3608,682,250000,2
3609,683,100000,8
3691,683,100000,8
3693,683,200000,4
3692,683,50000,1
3694,683,150000,2
3610,683,50000,1
3611,683,200000,4
3612,683,150000,2
3615,684,150000,1
3699,684,250000,8
3698,684,200000,2
3614,684,50000,4
3696,684,50000,4
3695,684,250000,8
3613,684,250000,8
3697,684,150000,1
3617,684,250000,8
3616,684,200000,2
3701,685,150000,8
3705,685,100000,1
3704,685,50000,4
3703,685,200000,2
3702,685,250000,1
3700,685,100000,4
3618,685,100000,4
3619,685,150000,8
3621,685,200000,2
3622,685,50000,4
3623,685,100000,1
3624,685,200000,8
3620,685,250000,1
3706,685,200000,8
3708,686,250000,8
3707,686,150000,2
3709,686,50000,4
3710,686,100000,1
3711,686,200000,8
3626,686,250000,8
3629,686,200000,8
3628,686,100000,1
3627,686,50000,4
3625,686,150000,2
3714,687,50000,8
3712,687,150000,2
3713,687,250000,4
3715,687,200000,2
3637,687,200000,2
3717,687,250000,1
3716,687,150000,4
3635,687,250000,1
3634,687,150000,4
3633,687,200000,2
3638,687,100000,1
3631,687,250000,4
3632,687,50000,8
3720,687,100000,1
3719,687,200000,2
3718,687,50000,8
3630,687,150000,2
3636,687,50000,8
3721,688,150000,4
3639,688,150000,4
3722,689,250000,8
3640,689,250000,8
3641,692,50000,1
3723,692,50000,1
3643,695,150000,8
3644,695,100000,4
3725,695,150000,8
3724,695,200000,2
3642,695,200000,2
3726,695,100000,4
3727,696,250000,8
3729,696,200000,4
3728,696,50000,2
3647,696,200000,4
3646,696,50000,2
3645,696,250000,8
3651,697,50000,4
3650,697,250000,8
3649,697,150000,2
3648,697,100000,1
3730,697,100000,1
3731,697,150000,2
3732,697,250000,8
3733,697,50000,4
3739,698,150000,4
3736,698,250000,8
3657,698,150000,4
3656,698,100000,8
3655,698,50000,2
3654,698,250000,8
3652,698,200000,1
3738,698,100000,8
3734,698,200000,1
3737,698,50000,2
3653,698,150000,4
3735,698,150000,4
3659,699,250000,8
3658,699,200000,2
3660,699,50000,1
3662,699,200000,4
3740,699,200000,2
3741,699,250000,8
3742,699,50000,1
3743,699,100000,2
3744,699,200000,4
3661,699,100000,2
3663,703,150000,8
3745,703,150000,8
3746,704,250000,4
3664,704,250000,4
3747,705,50000,1
3748,705,100000,8
3666,705,100000,8
3665,705,50000,1
3668,706,150000,2
3667,706,200000,4
3749,706,200000,4
3750,706,150000,2
3751,708,250000,8
3669,708,250000,8
3670,708,100000,4
3752,708,100000,4
3753,709,50000,1
3672,709,200000,8
3673,709,150000,2
3671,709,50000,1
3755,709,150000,2
3754,709,200000,8
3758,710,100000,8
3676,710,100000,8
3675,710,50000,8
3674,710,250000,4
3757,710,50000,8
3756,710,250000,4
3759,710,200000,2
3677,710,200000,2
3760,711,150000,4
3761,711,250000,8
3762,711,50000,4
3763,711,100000,1
3678,711,150000,4
3684,711,250000,4
3683,711,150000,8
3682,711,200000,2
3681,711,100000,1
3680,711,50000,4
3679,711,250000,8
3764,711,200000,2
3766,711,250000,4
3765,711,150000,8
3767,712,50000,8
3768,712,100000,4
3771,712,250000,2
3770,712,150000,8
3769,712,200000,1
3688,712,150000,8
3687,712,200000,1
3686,712,100000,4
3685,712,50000,8
3689,712,250000,2
3854,713,250000,2
3772,713,250000,2
3773,714,100000,8
3858,714,150000,2
3857,714,200000,4
3855,714,100000,8
3856,714,50000,1
3775,714,200000,4
3774,714,50000,1
3776,714,150000,2
3861,715,150000,1
3860,715,50000,4
3859,715,250000,8
3778,715,50000,4
3777,715,250000,8
3863,715,250000,8
3779,715,150000,1
3862,715,200000,2
3781,715,250000,8
3780,715,200000,2
3785,716,200000,2
3784,716,250000,1
3783,716,150000,8
3782,716,100000,4
3788,716,200000,8
3787,716,100000,1
3786,716,50000,4
3870,716,200000,8
3869,716,100000,1
3868,716,50000,4
3867,716,200000,2
3866,716,250000,1
3865,716,150000,8
3864,716,100000,4
3871,717,150000,2
3874,717,100000,1
3875,717,200000,8
3872,717,250000,8
3873,717,50000,4
3789,717,150000,2
3790,717,250000,8
3791,717,50000,4
3792,717,100000,1
3793,717,200000,8
3879,718,200000,2
3796,718,50000,8
3797,718,200000,2
3798,718,150000,4
3799,718,250000,1
3800,718,50000,8
3801,718,200000,2
3876,718,150000,2
3877,718,250000,4
3878,718,50000,8
3880,718,150000,4
3882,718,50000,8
3795,718,250000,4
3883,718,200000,2
3884,718,100000,1
3802,718,100000,1
3881,718,250000,1
3794,718,150000,2
3885,719,150000,4
3803,719,150000,4
3886,720,250000,8
3804,720,250000,8
3887,723,50000,1
3805,723,50000,1
3807,726,150000,8
3888,726,200000,2
3889,726,150000,8
3806,726,200000,2
3808,726,100000,4
3890,726,100000,4
3810,727,50000,2
3892,727,50000,2
3893,727,200000,4
3811,727,200000,4
3809,727,250000,8
3891,727,250000,8
3895,728,150000,2
3894,728,100000,1
3897,728,50000,4
3815,728,50000,4
3896,728,250000,8
3814,728,250000,8
3813,728,150000,2
3812,728,100000,1
3820,729,100000,8
3821,729,150000,4
3898,729,200000,1
3817,729,150000,4
3816,729,200000,1
3819,729,50000,2
3899,729,150000,4
3818,729,250000,8
3902,729,100000,8
3903,729,150000,4
3900,729,250000,8
3901,729,50000,2
3908,730,200000,4
3907,730,100000,2
3906,730,50000,1
3905,730,250000,8
3904,730,200000,2
3825,730,100000,2
3822,730,200000,2
3823,730,250000,8
3826,730,200000,4
3824,730,50000,1
3909,734,150000,8
3827,734,150000,8
3910,735,250000,4
3828,735,250000,4
3830,736,100000,8
3912,736,100000,8
3911,736,50000,1
3829,736,50000,1
3831,737,200000,4
3914,737,150000,2
3913,737,200000,4
3832,737,150000,2
3834,739,100000,4
3915,739,250000,8
3916,739,100000,4
3833,739,250000,8
3917,740,50000,1
3919,740,150000,2
3835,740,50000,1
3836,740,200000,8
3837,740,150000,2
3918,740,200000,8
3920,741,250000,4
3921,741,50000,8
3922,741,100000,8
3923,741,200000,2
3838,741,250000,4
3841,741,200000,2
3840,741,100000,8
3839,741,50000,8
3928,742,200000,2
3926,742,50000,4
3925,742,250000,8
3924,742,150000,4
3927,742,100000,1
3929,742,150000,8
3930,742,250000,4
3844,742,50000,4
3848,742,250000,4
3847,742,150000,8
3846,742,200000,2
3845,742,100000,1
3843,742,250000,8
3842,742,150000,4
3933,743,200000,1
3932,743,100000,4
3931,743,50000,8
3853,743,250000,2
3852,743,150000,8
3849,743,50000,8
3850,743,100000,4
3851,743,200000,1
3934,743,150000,8
3935,743,250000,2
4018,744,250000,2
3936,744,250000,2
3937,745,100000,8
4019,745,100000,8
4021,745,200000,4
4020,745,50000,1
4022,745,150000,2
3938,745,50000,1
3939,745,200000,4
3940,745,150000,2
3943,746,150000,1
4027,746,250000,8
4026,746,200000,2
3942,746,50000,4
4024,746,50000,4
4023,746,250000,8
3941,746,250000,8
4025,746,150000,1
3945,746,250000,8
3944,746,200000,2
4029,747,150000,8
4033,747,100000,1
4032,747,50000,4
4031,747,200000,2
4030,747,250000,1
4028,747,100000,4
3946,747,100000,4
3947,747,150000,8
3949,747,200000,2
3950,747,50000,4
3951,747,100000,1
3952,747,200000,8
3948,747,250000,1
4034,747,200000,8
4036,748,250000,8
4035,748,150000,2
4037,748,50000,4
4038,748,100000,1
4039,748,200000,8
3954,748,250000,8
3957,748,200000,8
3956,748,100000,1
3955,748,50000,4
3953,748,150000,2
4042,749,50000,8
4040,749,150000,2
4041,749,250000,4
4043,749,200000,2
3964,749,50000,8
4045,749,250000,1
4044,749,150000,4
3963,749,250000,1
3962,749,150000,4
3961,749,200000,2
3966,749,100000,1
3959,749,250000,4
3960,749,50000,8
4048,749,100000,1
4047,749,200000,2
4046,749,50000,8
3958,749,150000,2
3965,749,200000,2
4049,750,150000,4
3967,750,150000,4
4050,751,250000,8
3968,751,250000,8
3969,754,50000,1
4051,754,50000,1
3971,757,150000,8
3972,757,100000,4
4053,757,150000,8
4052,757,200000,2
3970,757,200000,2
4054,757,100000,4
4055,758,250000,8
4057,758,200000,4
4056,758,50000,2
3975,758,200000,4
3974,758,50000,2
3973,758,250000,8
3979,759,50000,4
3978,759,250000,8
3977,759,150000,2
3976,759,100000,1
4058,759,100000,1
4059,759,150000,2
4060,759,250000,8
4061,759,50000,4
4067,760,150000,4
4064,760,250000,8
3985,760,150000,4
3984,760,100000,8
3983,760,50000,2
3982,760,250000,8
3980,760,200000,1
4066,760,100000,8
4062,760,200000,1
4065,760,50000,2
3981,760,150000,4
4063,760,150000,4
3987,761,250000,8
3986,761,200000,2
3988,761,50000,1
3990,761,200000,4
4068,761,200000,2
4069,761,250000,8
4070,761,50000,1
4071,761,100000,2
4072,761,200000,4
3989,761,100000,2
3991,765,150000,8
4073,765,150000,8
4074,766,250000,4
3992,766,250000,4
4076,767,100000,8
3994,767,100000,8
4075,767,50000,1
3993,767,50000,1
4077,768,200000,4
3996,768,150000,2
3995,768,200000,4
4078,768,150000,2
4080,770,100000,4
3997,770,250000,8
3998,770,100000,4
4079,770,250000,8
4082,771,200000,8
4000,771,200000,8
4001,771,150000,2
4081,771,50000,1
3999,771,50000,1
4083,771,150000,2
4004,772,100000,8
4003,772,50000,8
4002,772,250000,4
4087,772,200000,2
4086,772,100000,8
4085,772,50000,8
4084,772,250000,4
4005,772,200000,2
4090,773,50000,4
4091,773,100000,1
4088,773,150000,4
4092,773,200000,2
4089,773,250000,8
4006,773,150000,4
4012,773,250000,4
4011,773,150000,8
4010,773,200000,2
4009,773,100000,1
4008,773,50000,4
4007,773,250000,8
4093,773,150000,8
4094,773,250000,4
4096,774,100000,4
4099,774,250000,2
4097,774,200000,1
4098,774,150000,8
4095,774,50000,8
4015,774,200000,1
4016,774,150000,8
4013,774,50000,8
4017,774,250000,2
4014,774,100000,4
4182,775,250000,2
4100,775,250000,2
4185,776,200000,4
4186,776,150000,2
4184,776,50000,1
4183,776,100000,8
4103,776,200000,4
4102,776,50000,1
4104,776,150000,2
4101,776,100000,8
4189,777,150000,1
4190,777,200000,2
4191,777,250000,8
4105,777,250000,8
4188,777,50000,4
4106,777,50000,4
4187,777,250000,8
4107,777,150000,1
4108,777,200000,2
4109,777,250000,8
4192,778,100000,4
4193,778,150000,8
4194,778,250000,1
4195,778,200000,2
4196,778,50000,4
4197,778,100000,1
4198,778,200000,8
4115,778,100000,1
4110,778,100000,4
4111,778,150000,8
4112,778,250000,1
4113,778,200000,2
4116,778,200000,8
4114,778,50000,4
4201,779,50000,4
4117,779,150000,2
4118,779,250000,8
4119,779,50000,4
4120,779,100000,1
4121,779,200000,8
4199,779,150000,2
4203,779,200000,8
4202,779,100000,1
4200,779,250000,8
4122,780,150000,2
4123,780,250000,4
4124,780,50000,8
4125,780,200000,2
4126,780,150000,4
4130,780,100000,1
4205,780,250000,4
4206,780,50000,8
4207,780,200000,2
4208,780,150000,4
4209,780,250000,1
4127,780,250000,1
4211,780,200000,2
4212,780,100000,1
4128,780,50000,8
4129,780,200000,2
4204,780,150000,2
4210,780,50000,8
4213,781,150000,4
4131,781,150000,4
4214,782,250000,8
4132,782,250000,8
4215,785,50000,1
4133,785,50000,1
4218,788,100000,4
4217,788,150000,8
4136,788,100000,4
4216,788,200000,2
4135,788,150000,8
4134,788,200000,2
4138,789,50000,2
4137,789,250000,8
4219,789,250000,8
4220,789,50000,2
4139,789,200000,4
4221,789,200000,4
4222,790,100000,1
4141,790,150000,2
4142,790,250000,8
4143,790,50000,4
4223,790,150000,2
4224,790,250000,8
4140,790,100000,1
4225,790,50000,4
4230,791,100000,8
4144,791,200000,1
4145,791,150000,4
4146,791,250000,8
4147,791,50000,2
4148,791,100000,8
4149,791,150000,4
4228,791,250000,8
4229,791,50000,2
4227,791,150000,4
4226,791,200000,1
4231,791,150000,4
4152,792,50000,1
4151,792,250000,8
4150,792,200000,2
4236,792,200000,4
4235,792,100000,2
4234,792,50000,1
4233,792,250000,8
4232,792,200000,2
4153,792,100000,2
4154,792,200000,4
4155,796,150000,8
4237,796,150000,8
4238,797,250000,4
4156,797,250000,4
4158,798,100000,8
4239,798,50000,1
4240,798,100000,8
4157,798,50000,1
4242,799,150000,2
4159,799,200000,4
4160,799,150000,2
4241,799,200000,4
4244,801,100000,4
4161,801,250000,8
4162,801,100000,4
4243,801,250000,8
4245,802,50000,1
4246,802,200000,8
4247,802,150000,2
4163,802,50000,1
4164,802,200000,8
4165,802,150000,2
4168,803,100000,8
4167,803,50000,8
4251,803,200000,2
4250,803,100000,8
4249,803,50000,8
4248,803,250000,4
4166,803,250000,4
4169,803,200000,2
4253,804,250000,8
4252,804,150000,4
4254,804,50000,4
4176,804,250000,4
4258,804,250000,4
4255,804,100000,1
4175,804,150000,8
4174,804,200000,2
4173,804,100000,1
4172,804,50000,4
4171,804,250000,8
4170,804,150000,4
4257,804,150000,8
4256,804,200000,2
4259,805,50000,8
4260,805,100000,4
4261,805,200000,1
4179,805,200000,1
4180,805,150000,8
4178,805,100000,4
4177,805,50000,8
4262,805,150000,8
4181,805,250000,2
4263,805,250000,2
