job_id,arrival_time,mi,required_cores,location,delay_sensitivity,deadline
0,1,5760,16,micro_dc_aau,tolerant,0
1,1,9600,16,micro_dc_dcu,tolerant,0
2,1,7200,12,micro_dc_aau,tolerant,14
3,3,600,2,micro_dc_dcu,tolerant,0
4,3,420,1,micro_dc_dcu,critical,1
5,3,240,2,micro_dc_ucd,tolerant,0
6,4,300,1,micro_dc_ucd,moderate,3
7,5,420,1,micro_dc_ucd,moderate,6
8,5,420,1,micro_dc_dcu,moderate,9
9,5,2400,4,micro_dc_aau,tolerant,15
10,7,600,2,micro_dc_aau,moderate,5
11,8,600,1,micro_dc_aau,moderate,6
12,8,3600,6,micro_dc_dcu,moderate,3
13,8,720,2,micro_dc_dcu,critical,4
14,9,480,8,micro_dc_aau,tolerant,11
15,9,240,1,micro_dc_ucd,tolerant,0
16,9,1920,4,micro_dc_aau,moderate,9
17,10,360,1,micro_dc_aau,tolerant,8
18,12,2400,4,micro_dc_aau,moderate,3
19,12,540,1,micro_dc_ucd,tolerant,0
20,12,60,1,micro_dc_aau,tolerant,13
21,13,2160,4,micro_dc_dcu,tolerant,2
22,16,480,2,micro_dc_dcu,tolerant,10
23,17,540,1,micro_dc_ucd,critical,1
24,17,3600,10,micro_dc_dcu,tolerant,13
25,18,300,1,micro_dc_dcu,moderate,8
26,18,240,4,micro_dc_aau,tolerant,1
27,19,480,4,micro_dc_dcu,critical,2
28,19,720,2,micro_dc_ucd,tolerant,3
29,20,1440,4,micro_dc_aau,tolerant,13
30,24,360,1,micro_dc_ucd,tolerant,0
31,24,720,6,micro_dc_aau,tolerant,14
32,24,360,1,micro_dc_aau,critical,4
33,24,60,1,micro_dc_ucd,critical,3
34,25,240,2,micro_dc_aau,tolerant,5
35,27,3000,10,micro_dc_aau,tolerant,7
36,27,2520,6,micro_dc_dcu,tolerant,8
37,28,4200,10,micro_dc_aau,tolerant,4
38,28,2400,4,micro_dc_ucd,tolerant,12
39,28,2160,4,micro_dc_dcu,tolerant,0
40,29,960,4,micro_dc_dcu,moderate,8
41,30,4800,10,micro_dc_dcu,moderate,3
42,31,240,4,micro_dc_aau,tolerant,0
43,31,1080,2,micro_dc_aau,tolerant,7
44,33,960,4,micro_dc_dcu,tolerant,6
45,34,1920,4,micro_dc_dcu,tolerant,2
46,34,600,1,micro_dc_dcu,tolerant,5
47,34,960,2,micro_dc_ucd,moderate,5
48,35,1200,2,micro_dc_dcu,tolerant,0
49,35,480,8,micro_dc_ucd,moderate,7
50,38,240,2,micro_dc_aau,moderate,5
51,38,3360,8,micro_dc_aau,critical,1
52,39,720,2,micro_dc_aau,moderate,10
53,40,720,6,micro_dc_aau,tolerant,0
54,40,480,1,micro_dc_dcu,tolerant,0
55,41,600,10,micro_dc_dcu,tolerant,2
56,42,2400,4,micro_dc_dcu,critical,1
57,44,240,2,micro_dc_dcu,critical,2
58,44,300,1,micro_dc_ucd,tolerant,0
59,44,1080,2,micro_dc_aau,tolerant,0
60,45,720,2,micro_dc_dcu,tolerant,7
61,45,2880,6,micro_dc_aau,tolerant,0
62,45,4800,10,micro_dc_ucd,critical,4
63,45,2400,4,micro_dc_dcu,tolerant,0
64,47,1200,4,micro_dc_dcu,tolerant,1
65,47,1200,2,micro_dc_aau,tolerant,14
66,48,2880,8,micro_dc_dcu,tolerant,6
67,50,4320,8,micro_dc_ucd,tolerant,14
68,50,960,2,micro_dc_dcu,moderate,4
69,50,1440,12,micro_dc_aau,tolerant,0
70,51,840,2,micro_dc_ucd,tolerant,15
71,51,4320,8,micro_dc_dcu,tolerant,9
72,51,1440,12,micro_dc_ucd,tolerant,14
73,52,3240,6,micro_dc_aau,tolerant,5
74,53,120,1,micro_dc_ucd,tolerant,3
75,56,2160,4,micro_dc_dcu,tolerant,0
76,57,480,1,micro_dc_aau,tolerant,11
77,57,720,6,micro_dc_aau,moderate,8
78,58,960,2,micro_dc_ucd,moderate,4
79,59,480,4,micro_dc_ucd,critical,2
80,59,3600,10,micro_dc_ucd,tolerant,0
81,59,600,1,micro_dc_dcu,moderate,3
82,60,360,2,micro_dc_aau,moderate,5
83,60,480,4,micro_dc_ucd,tolerant,2
84,61,600,2,micro_dc_ucd,tolerant,11
85,61,240,1,micro_dc_dcu,tolerant,0
86,62,60,1,micro_dc_aau,moderate,5
87,63,600,2,micro_dc_dcu,tolerant,13
88,64,720,4,micro_dc_dcu,tolerant,0
89,64,480,4,micro_dc_aau,critical,4
90,65,180,1,micro_dc_aau,tolerant,6
91,66,240,4,micro_dc_dcu,critical,3
92,67,1200,2,micro_dc_dcu,moderate,5
93,67,1200,2,micro_dc_dcu,moderate,9
94,67,1440,6,micro_dc_ucd,moderate,3
95,68,1080,2,micro_dc_dcu,tolerant,0
96,70,1200,4,micro_dc_aau,moderate,10
97,71,6000,10,micro_dc_ucd,moderate,3
98,71,480,4,micro_dc_aau,moderate,3
99,72,720,4,micro_dc_dcu,tolerant,0
100,72,480,1,micro_dc_dcu,tolerant,2
101,73,180,1,micro_dc_ucd,tolerant,12
102,73,540,1,micro_dc_aau,tolerant,7
103,75,1800,6,micro_dc_ucd,tolerant,6
104,75,2400,8,micro_dc_dcu,moderate,4
105,75,300,1,micro_dc_ucd,moderate,10
106,75,480,1,micro_dc_aau,moderate,4
107,75,120,2,micro_dc_ucd,tolerant,0
108,75,1920,4,micro_dc_aau,tolerant,13
109,76,1920,4,micro_dc_dcu,tolerant,0
110,76,2160,4,micro_dc_ucd,tolerant,7
111,77,6000,10,micro_dc_aau,tolerant,6
112,78,960,2,micro_dc_aau,tolerant,5
113,79,1440,4,micro_dc_ucd,tolerant,4
114,79,1200,4,micro_dc_aau,tolerant,11
115,80,480,2,micro_dc_aau,tolerant,6
116,82,5400,10,micro_dc_aau,tolerant,4
117,82,240,1,micro_dc_dcu,tolerant,14
118,83,2160,6,micro_dc_ucd,moderate,6
119,83,360,6,micro_dc_dcu,tolerant,1
120,83,2400,10,micro_dc_aau,tolerant,6
121,86,720,4,micro_dc_dcu,tolerant,1
122,87,600,2,micro_dc_dcu,critical,2
123,88,2880,8,micro_dc_aau,tolerant,3
124,88,2880,6,micro_dc_dcu,moderate,4
125,90,1200,4,micro_dc_ucd,tolerant,15
126,90,720,6,micro_dc_aau,moderate,7
127,90,720,2,micro_dc_dcu,moderate,9
128,92,240,4,micro_dc_dcu,tolerant,13
129,92,4320,8,micro_dc_dcu,moderate,4
130,93,960,2,micro_dc_aau,tolerant,15
131,93,720,4,micro_dc_aau,moderate,10
132,93,2160,12,micro_dc_aau,tolerant,6
133,94,360,6,micro_dc_aau,tolerant,11
134,95,2400,10,micro_dc_ucd,critical,2
135,95,120,2,micro_dc_aau,moderate,5
136,97,9600,16,micro_dc_aau,tolerant,0
137,97,120,1,micro_dc_ucd,critical,3
138,97,1680,4,micro_dc_dcu,tolerant,1
139,97,1440,4,micro_dc_aau,tolerant,2
140,98,1080,6,micro_dc_dcu,moderate,3
141,98,5400,10,micro_dc_aau,tolerant,7
142,100,720,6,micro_dc_dcu,tolerant,0
143,100,2160,4,micro_dc_ucd,moderate,6
144,101,960,2,micro_dc_ucd,tolerant,11
145,101,1680,4,micro_dc_aau,tolerant,12
146,101,2160,4,micro_dc_aau,tolerant,0
147,102,300,1,micro_dc_dcu,moderate,5
148,103,720,4,micro_dc_dcu,tolerant,1
149,103,960,8,micro_dc_dcu,tolerant,0
150,103,3600,6,micro_dc_aau,moderate,10
151,104,1800,6,micro_dc_aau,tolerant,9
152,105,1080,2,micro_dc_aau,tolerant,1
153,105,960,4,micro_dc_aau,moderate,6
154,106,600,1,micro_dc_aau,moderate,4
155,107,1080,2,micro_dc_dcu,tolerant,1
156,108,960,4,micro_dc_ucd,moderate,5
157,108,600,2,micro_dc_dcu,moderate,4
158,109,480,1,micro_dc_aau,tolerant,0
159,110,720,4,micro_dc_dcu,moderate,3
160,110,120,2,micro_dc_ucd,moderate,6
161,116,360,2,micro_dc_aau,moderate,5
162,116,360,1,micro_dc_aau,tolerant,3
163,117,480,4,micro_dc_dcu,moderate,10
164,118,480,2,micro_dc_dcu,critical,3
165,118,2400,4,micro_dc_ucd,tolerant,8
166,120,240,4,micro_dc_aau,moderate,8
167,121,60,1,micro_dc_ucd,moderate,6
168,121,3000,10,micro_dc_dcu,moderate,4
169,122,60,1,micro_dc_dcu,critical,1
170,122,240,4,micro_dc_ucd,tolerant,0
171,123,120,1,micro_dc_dcu,tolerant,1
172,124,480,4,micro_dc_aau,tolerant,5
173,125,1080,2,micro_dc_aau,tolerant,15
174,125,960,8,micro_dc_dcu,tolerant,9
175,125,720,2,micro_dc_ucd,moderate,4
176,125,1920,4,micro_dc_aau,critical,2
177,125,420,1,micro_dc_ucd,tolerant,7
178,125,420,1,micro_dc_aau,moderate,3
179,125,480,2,micro_dc_dcu,tolerant,0
180,126,2160,4,micro_dc_dcu,tolerant,0
181,126,240,4,micro_dc_dcu,tolerant,0
182,126,1440,12,micro_dc_dcu,tolerant,7
183,127,3240,6,micro_dc_ucd,tolerant,0
184,127,960,16,micro_dc_dcu,moderate,3
185,129,240,2,micro_dc_dcu,moderate,6
186,129,720,6,micro_dc_aau,tolerant,14
187,130,240,4,micro_dc_dcu,tolerant,1
188,131,480,4,micro_dc_aau,tolerant,8
189,132,5760,16,micro_dc_ucd,critical,2
190,132,1680,4,micro_dc_ucd,critical,1
191,132,600,10,micro_dc_ucd,tolerant,10
192,133,3600,6,micro_dc_aau,tolerant,2
193,134,60,1,micro_dc_ucd,tolerant,4
194,134,1680,4,micro_dc_ucd,moderate,9
195,134,2160,4,micro_dc_aau,tolerant,8
196,134,3600,10,micro_dc_dcu,tolerant,12
197,135,2400,8,micro_dc_dcu,tolerant,8
198,136,120,1,micro_dc_aau,tolerant,10
199,137,180,1,micro_dc_aau,tolerant,0
200,137,540,1,micro_dc_aau,tolerant,10
201,138,960,4,micro_dc_dcu,moderate,5
202,139,60,1,micro_dc_dcu,tolerant,4
203,140,2880,6,micro_dc_ucd,tolerant,3
204,141,1680,4,micro_dc_dcu,tolerant,0
205,141,480,8,micro_dc_aau,tolerant,0
206,141,120,2,micro_dc_ucd,moderate,8
207,141,480,4,micro_dc_aau,critical,2
208,141,60,1,micro_dc_ucd,tolerant,0
209,141,4200,10,micro_dc_ucd,moderate,7
210,142,120,1,micro_dc_dcu,moderate,10
211,143,420,1,micro_dc_ucd,moderate,8
212,144,120,1,micro_dc_aau,tolerant,0
213,144,4800,8,micro_dc_dcu,tolerant,0
214,144,480,1,micro_dc_dcu,tolerant,7
215,145,960,4,micro_dc_dcu,critical,4
216,145,1800,6,micro_dc_ucd,moderate,8
217,145,360,6,micro_dc_aau,tolerant,4
218,146,60,1,micro_dc_aau,tolerant,4
219,146,360,1,micro_dc_ucd,tolerant,12
220,149,120,2,micro_dc_ucd,tolerant,0
221,149,420,1,micro_dc_ucd,moderate,6
222,149,960,4,micro_dc_ucd,tolerant,0
223,150,240,2,micro_dc_dcu,moderate,3
224,150,720,2,micro_dc_aau,moderate,3
225,150,360,1,micro_dc_dcu,moderate,9
226,151,1920,4,micro_dc_ucd,moderate,8
227,154,120,1,micro_dc_ucd,tolerant,15
228,154,1440,4,micro_dc_dcu,moderate,10
229,155,540,1,micro_dc_ucd,moderate,3
230,155,2160,12,micro_dc_dcu,tolerant,0
231,155,2160,4,micro_dc_ucd,tolerant,12
232,155,480,1,micro_dc_ucd,tolerant,0
233,156,300,1,micro_dc_dcu,tolerant,0
234,156,1080,2,micro_dc_ucd,tolerant,6
235,156,600,1,micro_dc_dcu,tolerant,1
236,156,180,1,micro_dc_ucd,moderate,10
237,157,4800,8,micro_dc_ucd,tolerant,15
238,157,240,4,micro_dc_dcu,tolerant,4
239,158,120,1,micro_dc_ucd,tolerant,0
240,158,240,4,micro_dc_aau,tolerant,6
241,159,480,2,micro_dc_aau,critical,4
242,159,7200,12,micro_dc_dcu,tolerant,9
243,160,420,1,micro_dc_ucd,tolerant,0
244,160,2520,6,micro_dc_dcu,tolerant,0
245,161,360,6,micro_dc_dcu,tolerant,0
246,161,360,1,micro_dc_dcu,moderate,4
247,162,240,1,micro_dc_aau,moderate,8
248,162,600,2,micro_dc_aau,tolerant,10
249,162,1440,8,micro_dc_dcu,moderate,10
250,162,720,4,micro_dc_ucd,tolerant,0
251,163,2400,4,micro_dc_ucd,moderate,10
252,163,2160,6,micro_dc_aau,tolerant,0
253,163,2400,8,micro_dc_dcu,tolerant,0
254,164,240,4,micro_dc_ucd,moderate,6
255,165,1920,4,micro_dc_dcu,moderate,10
256,166,1800,6,micro_dc_aau,tolerant,6
257,167,480,2,micro_dc_dcu,critical,2
258,167,3360,8,micro_dc_ucd,moderate,6
259,170,120,1,micro_dc_aau,tolerant,0
260,170,360,1,micro_dc_ucd,moderate,6
261,171,4320,8,micro_dc_aau,moderate,7
262,172,600,2,micro_dc_dcu,tolerant,4
263,172,60,1,micro_dc_ucd,tolerant,0
264,172,180,1,micro_dc_ucd,moderate,4
265,172,240,4,micro_dc_aau,moderate,7
266,172,2880,8,micro_dc_aau,tolerant,11
267,173,240,1,micro_dc_ucd,tolerant,3
268,174,120,1,micro_dc_dcu,tolerant,4
269,174,1680,4,micro_dc_aau,critical,1
270,174,1440,12,micro_dc_aau,moderate,10
271,174,480,2,micro_dc_aau,tolerant,0
272,175,7200,12,micro_dc_ucd,moderate,7
273,175,600,10,micro_dc_dcu,moderate,6
274,176,360,2,micro_dc_aau,tolerant,7
275,176,1920,8,micro_dc_ucd,tolerant,2
276,176,1440,4,micro_dc_ucd,tolerant,6
277,178,720,4,micro_dc_aau,tolerant,3
278,179,1200,2,micro_dc_aau,tolerant,12
279,179,480,8,micro_dc_ucd,moderate,9
280,181,3600,6,micro_dc_aau,critical,2
281,181,2160,6,micro_dc_dcu,tolerant,14
282,182,960,16,micro_dc_dcu,moderate,5
283,182,480,4,micro_dc_dcu,critical,1
284,182,960,8,micro_dc_aau,tolerant,14
285,183,1440,8,micro_dc_dcu,tolerant,14
286,183,240,1,micro_dc_dcu,moderate,8
287,184,420,1,micro_dc_aau,moderate,7
288,184,480,2,micro_dc_dcu,tolerant,0
289,184,3840,8,micro_dc_aau,moderate,8
290,185,360,2,micro_dc_ucd,moderate,9
291,185,1080,6,micro_dc_aau,moderate,4
292,188,180,1,micro_dc_aau,moderate,3
293,189,480,2,micro_dc_aau,tolerant,0
294,189,2160,4,micro_dc_dcu,tolerant,9
295,190,180,1,micro_dc_dcu,tolerant,15
296,191,1800,10,micro_dc_ucd,critical,2
297,192,600,1,micro_dc_aau,critical,2
298,193,4200,10,micro_dc_aau,moderate,3
299,193,120,1,micro_dc_ucd,tolerant,3
300,194,8640,16,micro_dc_ucd,tolerant,0
301,194,480,4,micro_dc_aau,tolerant,2
302,194,120,1,micro_dc_aau,tolerant,9
303,195,300,1,micro_dc_dcu,tolerant,0
304,195,420,1,micro_dc_ucd,moderate,10
305,196,480,4,micro_dc_aau,tolerant,7
306,196,3840,8,micro_dc_dcu,moderate,9
307,197,240,2,micro_dc_aau,critical,3
308,197,960,2,micro_dc_aau,moderate,3
309,198,240,4,micro_dc_dcu,tolerant,0
310,198,1200,4,micro_dc_ucd,critical,1
311,198,1680,4,micro_dc_aau,moderate,7
312,198,720,4,micro_dc_aau,tolerant,0
313,198,2520,6,micro_dc_aau,moderate,6
314,199,6720,16,micro_dc_dcu,moderate,8
315,199,840,2,micro_dc_aau,tolerant,15
316,201,240,1,micro_dc_aau,tolerant,0
317,202,480,1,micro_dc_ucd,tolerant,14
318,203,1920,4,micro_dc_ucd,tolerant,0
319,204,480,2,micro_dc_ucd,moderate,5
320,205,4800,10,micro_dc_aau,tolerant,7
321,205,2400,4,micro_dc_ucd,tolerant,1
322,205,2160,4,micro_dc_dcu,tolerant,9
323,206,2880,6,micro_dc_aau,tolerant,0
324,207,960,2,micro_dc_dcu,tolerant,14
325,207,4320,8,micro_dc_ucd,moderate,9
326,207,180,1,micro_dc_dcu,tolerant,4
327,207,1920,4,micro_dc_ucd,tolerant,0
328,208,1200,10,micro_dc_dcu,moderate,10
329,208,1440,6,micro_dc_aau,critical,3
330,208,4800,8,micro_dc_dcu,tolerant,0
331,210,360,2,micro_dc_aau,tolerant,7
332,212,4320,8,micro_dc_ucd,tolerant,0
333,213,1200,4,micro_dc_aau,tolerant,14
334,213,720,4,micro_dc_dcu,tolerant,0
335,213,60,1,micro_dc_ucd,critical,1
336,213,360,1,micro_dc_dcu,moderate,8
337,214,1200,4,micro_dc_ucd,tolerant,0
338,214,360,1,micro_dc_dcu,critical,2
339,215,360,6,micro_dc_dcu,tolerant,3
340,215,1440,8,micro_dc_ucd,tolerant,12
341,217,600,10,micro_dc_aau,tolerant,8
342,219,240,1,micro_dc_dcu,tolerant,0
343,220,6000,10,micro_dc_ucd,moderate,7
344,220,120,1,micro_dc_dcu,tolerant,1
345,222,1680,4,micro_dc_aau,moderate,3
346,222,480,8,micro_dc_aau,tolerant,0
347,223,360,1,micro_dc_dcu,critical,3
348,223,600,1,micro_dc_aau,moderate,10
349,223,240,1,micro_dc_ucd,tolerant,6
350,224,480,4,micro_dc_dcu,tolerant,3
351,224,2880,8,micro_dc_ucd,critical,4
352,225,180,1,micro_dc_aau,tolerant,13
353,225,540,1,micro_dc_aau,tolerant,9
354,225,2160,4,micro_dc_ucd,moderate,8
355,225,420,1,micro_dc_ucd,tolerant,0
356,226,2520,6,micro_dc_aau,tolerant,0
357,226,4200,10,micro_dc_dcu,tolerant,5
358,226,2880,6,micro_dc_ucd,tolerant,0
359,227,2400,8,micro_dc_ucd,tolerant,1
360,227,2400,4,micro_dc_dcu,tolerant,0
361,228,1920,8,micro_dc_ucd,tolerant,9
362,228,60,1,micro_dc_ucd,tolerant,12
363,228,420,1,micro_dc_ucd,tolerant,1
364,229,1680,4,micro_dc_ucd,critical,2
365,231,600,1,micro_dc_aau,tolerant,0
366,231,2400,10,micro_dc_aau,tolerant,8
367,232,1200,4,micro_dc_aau,tolerant,3
368,233,4320,12,micro_dc_ucd,moderate,5
369,233,480,2,micro_dc_ucd,tolerant,1
370,234,1920,4,micro_dc_ucd,tolerant,10
371,234,1800,6,micro_dc_dcu,moderate,9
372,234,480,1,micro_dc_ucd,tolerant,0
373,234,1200,4,micro_dc_ucd,moderate,3
374,234,720,4,micro_dc_aau,moderate,4
375,235,7200,12,micro_dc_dcu,moderate,6
376,235,2160,6,micro_dc_aau,tolerant,9
377,235,480,1,micro_dc_ucd,tolerant,8
378,236,1440,4,micro_dc_aau,tolerant,0
379,236,960,4,micro_dc_aau,moderate,6
380,236,600,1,micro_dc_aau,critical,3
381,237,480,2,micro_dc_dcu,critical,2
382,237,1200,2,micro_dc_aau,tolerant,13
383,237,300,1,micro_dc_dcu,moderate,3
384,237,240,4,micro_dc_dcu,tolerant,12
385,238,60,1,micro_dc_ucd,moderate,10
386,240,2400,4,micro_dc_ucd,tolerant,2
387,240,360,1,micro_dc_aau,tolerant,9
388,240,1440,6,micro_dc_ucd,tolerant,0
389,240,540,1,micro_dc_ucd,critical,3
390,240,4200,10,micro_dc_ucd,tolerant,1
391,241,420,1,micro_dc_dcu,tolerant,0
392,242,1680,4,micro_dc_aau,tolerant,0
393,242,240,2,micro_dc_ucd,tolerant,3
394,242,60,1,micro_dc_ucd,critical,2
395,242,1920,4,micro_dc_aau,tolerant,7
396,243,480,8,micro_dc_ucd,tolerant,1
397,245,4800,10,micro_dc_dcu,moderate,6
398,245,240,2,micro_dc_aau,tolerant,14
399,245,180,1,micro_dc_dcu,tolerant,14
400,245,2880,6,micro_dc_ucd,tolerant,0
401,245,1680,4,micro_dc_aau,tolerant,0
402,245,480,1,micro_dc_ucd,tolerant,7
403,246,2520,6,micro_dc_ucd,tolerant,13
404,247,240,4,micro_dc_ucd,tolerant,0
405,248,2160,4,micro_dc_dcu,moderate,4
406,248,360,2,micro_dc_aau,moderate,8
407,249,240,2,micro_dc_dcu,moderate,4
408,249,540,1,micro_dc_ucd,tolerant,11
409,249,720,6,micro_dc_dcu,tolerant,1
410,250,360,1,micro_dc_ucd,critical,4
411,250,1800,6,micro_dc_dcu,moderate,10
412,250,2880,6,micro_dc_ucd,tolerant,11
413,251,360,6,micro_dc_aau,tolerant,7
414,251,120,1,micro_dc_aau,tolerant,8
415,252,600,2,micro_dc_aau,tolerant,5
416,252,1200,4,micro_dc_ucd,tolerant,10
417,253,1920,4,micro_dc_ucd,tolerant,0
418,253,4200,10,micro_dc_ucd,critical,2
419,253,240,2,micro_dc_aau,tolerant,11
420,253,4800,8,micro_dc_aau,tolerant,0
421,254,300,1,micro_dc_ucd,tolerant,0
422,255,1200,2,micro_dc_aau,moderate,3
423,255,600,1,micro_dc_dcu,moderate,4
424,255,360,6,micro_dc_ucd,tolerant,8
425,255,360,1,micro_dc_ucd,tolerant,13
426,256,600,2,micro_dc_ucd,moderate,9
427,256,1800,6,micro_dc_aau,moderate,6
428,257,960,4,micro_dc_ucd,tolerant,10
429,258,360,1,micro_dc_ucd,moderate,7
430,259,300,1,micro_dc_aau,tolerant,1
431,259,480,4,micro_dc_ucd,tolerant,0
432,260,360,2,micro_dc_ucd,tolerant,1
433,260,120,1,micro_dc_aau,tolerant,0
434,260,2160,4,micro_dc_aau,tolerant,15
435,260,420,1,micro_dc_dcu,tolerant,0
436,261,960,4,micro_dc_aau,moderate,9
437,261,480,2,micro_dc_aau,tolerant,4
438,262,60,1,micro_dc_dcu,critical,3
439,262,180,1,micro_dc_aau,tolerant,5
440,262,600,1,micro_dc_ucd,tolerant,0
441,262,60,1,micro_dc_ucd,critical,2
442,263,240,2,micro_dc_aau,moderate,9
443,264,5400,10,micro_dc_ucd,moderate,7
444,265,2880,8,micro_dc_aau,moderate,8
445,265,120,2,micro_dc_dcu,tolerant,7
446,266,1200,4,micro_dc_aau,tolerant,14
447,266,1920,4,micro_dc_dcu,tolerant,5
448,266,1920,8,micro_dc_ucd,tolerant,9
449,267,240,1,micro_dc_dcu,tolerant,3
450,267,840,2,micro_dc_aau,tolerant,8
451,267,720,2,micro_dc_aau,critical,3
452,267,600,1,micro_dc_aau,moderate,6
453,267,360,2,micro_dc_aau,moderate,5
454,268,1440,8,micro_dc_aau,moderate,6
455,269,1200,10,micro_dc_aau,tolerant,0
456,269,420,1,micro_dc_dcu,tolerant,11
457,269,1440,4,micro_dc_dcu,moderate,8
458,269,480,2,micro_dc_dcu,moderate,7
459,271,1680,4,micro_dc_aau,tolerant,0
460,273,960,4,micro_dc_dcu,tolerant,0
461,274,120,1,micro_dc_aau,tolerant,5
462,274,2880,8,micro_dc_aau,tolerant,4
463,277,3600,12,micro_dc_ucd,tolerant,2
464,278,1200,4,micro_dc_aau,tolerant,0
465,279,1200,4,micro_dc_aau,moderate,7
466,279,2400,4,micro_dc_dcu,critical,3
467,280,360,2,micro_dc_ucd,tolerant,0
468,282,180,1,micro_dc_ucd,moderate,4
469,283,1440,4,micro_dc_aau,moderate,9
470,283,60,1,micro_dc_ucd,tolerant,9
471,284,960,8,micro_dc_dcu,moderate,6
472,284,720,2,micro_dc_dcu,tolerant,0
473,284,720,2,micro_dc_ucd,tolerant,0
474,285,840,2,micro_dc_aau,tolerant,0
475,286,1440,12,micro_dc_dcu,critical,4
476,286,540,1,micro_dc_ucd,critical,2
477,287,300,1,micro_dc_ucd,tolerant,0
478,287,120,1,micro_dc_dcu,tolerant,0
479,288,960,4,micro_dc_ucd,tolerant,15
480,288,2880,16,micro_dc_aau,moderate,10
481,291,300,1,micro_dc_dcu,tolerant,0
482,292,3000,10,micro_dc_dcu,tolerant,9
483,294,600,2,micro_dc_dcu,moderate,10
484,295,1200,4,micro_dc_ucd,tolerant,0
485,295,600,1,micro_dc_dcu,tolerant,0
486,295,2400,4,micro_dc_dcu,tolerant,0
487,296,1200,4,micro_dc_ucd,tolerant,2
488,296,2400,4,micro_dc_dcu,tolerant,14
489,297,540,1,micro_dc_dcu,tolerant,0
490,297,4320,8,micro_dc_ucd,tolerant,12
491,297,2160,12,micro_dc_aau,critical,4
492,298,1200,4,micro_dc_dcu,tolerant,0
493,298,960,4,micro_dc_ucd,critical,4
494,298,360,6,micro_dc_dcu,tolerant,2
495,299,60,1,micro_dc_ucd,moderate,8
496,299,3360,8,micro_dc_dcu,tolerant,15
497,299,600,2,micro_dc_ucd,moderate,5
498,300,3240,6,micro_dc_dcu,tolerant,2
499,301,420,1,micro_dc_ucd,tolerant,8
500,303,120,2,micro_dc_ucd,tolerant,10
501,305,2160,4,micro_dc_ucd,tolerant,6
502,305,1200,4,micro_dc_ucd,critical,1
503,305,2880,8,micro_dc_dcu,critical,4
504,306,9600,16,micro_dc_ucd,moderate,6
505,306,420,1,micro_dc_ucd,tolerant,0
506,308,120,2,micro_dc_ucd,moderate,7
507,309,240,2,micro_dc_aau,moderate,4
508,309,1200,4,micro_dc_aau,tolerant,0
509,311,240,4,micro_dc_ucd,tolerant,0
510,311,960,8,micro_dc_ucd,moderate,4
511,312,2880,6,micro_dc_aau,tolerant,7
512,312,120,1,micro_dc_aau,tolerant,4
513,312,480,4,micro_dc_aau,moderate,8
514,312,1440,4,micro_dc_ucd,tolerant,10
515,314,240,4,micro_dc_dcu,tolerant,0
516,314,180,1,micro_dc_ucd,tolerant,13
517,315,1200,2,micro_dc_dcu,moderate,8
518,316,840,2,micro_dc_ucd,critical,2
519,317,600,1,micro_dc_ucd,moderate,7
520,317,1440,6,micro_dc_dcu,moderate,8
521,318,840,2,micro_dc_aau,tolerant,3
522,318,720,4,micro_dc_dcu,moderate,3
523,319,960,4,micro_dc_aau,tolerant,2
524,319,960,8,micro_dc_aau,tolerant,3
525,319,540,1,micro_dc_aau,moderate,5
526,319,120,1,micro_dc_ucd,moderate,3
527,320,360,2,micro_dc_ucd,tolerant,0
528,321,600,2,micro_dc_dcu,moderate,9
529,321,600,2,micro_dc_aau,moderate,7
530,323,1440,6,micro_dc_aau,tolerant,14
531,323,240,1,micro_dc_aau,tolerant,0
532,323,180,1,micro_dc_ucd,tolerant,0
533,324,1200,2,micro_dc_dcu,tolerant,0
534,324,2160,6,micro_dc_ucd,tolerant,13
535,325,4800,8,micro_dc_ucd,tolerant,0
536,325,3600,6,micro_dc_ucd,tolerant,10
537,326,1680,4,micro_dc_aau,tolerant,0
538,326,3240,6,micro_dc_ucd,moderate,10
539,326,480,4,micro_dc_dcu,moderate,7
540,327,600,1,micro_dc_aau,tolerant,1
541,327,1200,4,micro_dc_aau,tolerant,2
542,327,2880,6,micro_dc_dcu,tolerant,0
543,327,360,2,micro_dc_dcu,tolerant,1
544,329,240,4,micro_dc_dcu,tolerant,10
545,329,2160,4,micro_dc_aau,tolerant,2
546,329,1200,4,micro_dc_aau,tolerant,0
547,330,120,1,micro_dc_dcu,critical,4
548,332,1680,4,micro_dc_dcu,tolerant,5
549,332,480,8,micro_dc_dcu,moderate,4
550,332,300,1,micro_dc_dcu,tolerant,4
551,332,960,2,micro_dc_aau,tolerant,2
552,333,480,1,micro_dc_ucd,critical,4
553,333,300,1,micro_dc_aau,tolerant,15
554,334,3840,16,micro_dc_dcu,moderate,6
555,334,2160,4,micro_dc_ucd,critical,3
556,334,240,2,micro_dc_ucd,tolerant,1
557,335,120,2,micro_dc_dcu,tolerant,5
558,336,1920,16,micro_dc_ucd,tolerant,7
559,338,1080,2,micro_dc_ucd,tolerant,0
560,338,1800,6,micro_dc_ucd,tolerant,8
561,338,120,2,micro_dc_aau,tolerant,0
562,340,120,1,micro_dc_aau,moderate,4
563,340,240,4,micro_dc_ucd,moderate,8
564,340,540,1,micro_dc_aau,tolerant,0
565,341,1200,4,micro_dc_dcu,tolerant,0
566,342,120,2,micro_dc_aau,moderate,3
567,344,1080,6,micro_dc_ucd,critical,1
568,344,2520,6,micro_dc_ucd,tolerant,0
569,344,2160,6,micro_dc_ucd,tolerant,3
570,346,540,1,micro_dc_aau,moderate,7
571,347,360,6,micro_dc_dcu,moderate,6
572,347,960,16,micro_dc_ucd,critical,3
573,347,60,1,micro_dc_aau,tolerant,4
574,347,480,2,micro_dc_aau,tolerant,0
575,347,3840,8,micro_dc_dcu,tolerant,3
576,347,420,1,micro_dc_aau,tolerant,15
577,349,720,4,micro_dc_ucd,moderate,7
578,351,2520,6,micro_dc_dcu,tolerant,0
579,351,420,1,micro_dc_aau,moderate,8
580,351,480,4,micro_dc_dcu,critical,4
581,352,1920,4,micro_dc_ucd,critical,2
582,353,600,2,micro_dc_aau,moderate,3
583,353,480,8,micro_dc_aau,critical,1
584,353,240,1,micro_dc_aau,tolerant,0
585,354,960,2,micro_dc_dcu,tolerant,10
586,355,3360,8,micro_dc_ucd,tolerant,4
587,355,180,1,micro_dc_ucd,critical,3
588,356,3840,8,micro_dc_aau,critical,3
589,357,240,1,micro_dc_aau,tolerant,1
590,358,1200,4,micro_dc_ucd,tolerant,0
591,358,60,1,micro_dc_dcu,tolerant,7
592,359,2400,4,micro_dc_dcu,tolerant,0
593,359,3240,6,micro_dc_dcu,moderate,3
594,360,960,8,micro_dc_dcu,tolerant,4
595,360,5760,16,micro_dc_aau,moderate,3
596,360,1920,4,micro_dc_aau,tolerant,0
597,360,2160,6,micro_dc_ucd,tolerant,15
598,361,720,4,micro_dc_dcu,tolerant,13
599,363,6000,10,micro_dc_aau,critical,1
600,363,720,4,micro_dc_ucd,moderate,5
601,363,2400,10,micro_dc_aau,tolerant,14
602,363,240,1,micro_dc_dcu,tolerant,0
603,364,2160,4,micro_dc_dcu,critical,4
604,364,2160,6,micro_dc_ucd,moderate,9
605,367,480,1,micro_dc_aau,moderate,8
606,367,600,1,micro_dc_dcu,moderate,6
607,367,7200,12,micro_dc_dcu,moderate,3
608,368,1080,2,micro_dc_dcu,tolerant,5
609,369,600,1,micro_dc_ucd,moderate,8
610,371,1200,2,micro_dc_aau,tolerant,4
611,371,1200,2,micro_dc_ucd,tolerant,0
612,372,1680,4,micro_dc_ucd,critical,2
613,372,1200,10,micro_dc_aau,critical,4
614,373,1920,16,micro_dc_ucd,tolerant,6
615,373,1920,4,micro_dc_aau,tolerant,3
616,374,960,4,micro_dc_dcu,moderate,7
617,374,1080,2,micro_dc_aau,critical,4
618,375,4800,8,micro_dc_ucd,moderate,4
619,375,420,1,micro_dc_aau,tolerant,15
620,376,480,1,micro_dc_ucd,tolerant,0
621,376,2160,12,micro_dc_aau,moderate,6
622,377,2400,8,micro_dc_dcu,moderate,7
623,377,1200,2,micro_dc_ucd,moderate,10
624,378,2160,4,micro_dc_dcu,moderate,6
625,378,720,4,micro_dc_ucd,tolerant,8
626,378,1200,2,micro_dc_ucd,tolerant,4
627,379,600,2,micro_dc_aau,moderate,5
628,379,540,1,micro_dc_dcu,tolerant,4
629,380,1440,4,micro_dc_aau,moderate,8
630,382,840,2,micro_dc_aau,moderate,10
631,382,480,4,micro_dc_dcu,moderate,8
632,382,240,1,micro_dc_dcu,tolerant,0
633,383,4800,10,micro_dc_ucd,moderate,5
634,383,2160,4,micro_dc_ucd,tolerant,1
635,383,600,10,micro_dc_aau,tolerant,0
636,384,60,1,micro_dc_ucd,tolerant,0
637,384,1680,4,micro_dc_dcu,tolerant,14
638,386,2400,8,micro_dc_ucd,critical,3
639,386,1080,2,micro_dc_aau,critical,1
640,387,60,1,micro_dc_dcu,tolerant,3
641,387,480,2,micro_dc_dcu,moderate,6
642,387,120,2,micro_dc_aau,tolerant,15
643,387,960,2,micro_dc_ucd,moderate,8
644,388,1080,2,micro_dc_ucd,moderate,9
645,388,240,2,micro_dc_dcu,tolerant,15
646,388,960,4,micro_dc_ucd,tolerant,0
647,389,540,1,micro_dc_ucd,tolerant,4
648,389,120,2,micro_dc_ucd,tolerant,15
649,390,2400,4,micro_dc_aau,critical,4
650,390,540,1,micro_dc_ucd,tolerant,11
651,390,120,1,micro_dc_ucd,tolerant,0
652,391,120,1,micro_dc_aau,tolerant,4
653,391,420,1,micro_dc_ucd,critical,2
654,392,240,4,micro_dc_ucd,tolerant,1
655,394,360,1,micro_dc_dcu,moderate,8
656,394,120,2,micro_dc_ucd,moderate,9
657,394,5760,16,micro_dc_aau,tolerant,12
658,395,2400,10,micro_dc_dcu,tolerant,5
659,396,480,1,micro_dc_aau,tolerant,0
660,396,1080,2,micro_dc_ucd,tolerant,15
661,397,1200,4,micro_dc_dcu,moderate,3
662,398,3360,8,micro_dc_ucd,moderate,10
663,399,3360,8,micro_dc_ucd,tolerant,13
664,399,600,1,micro_dc_dcu,tolerant,1
665,400,180,1,micro_dc_aau,tolerant,0
666,401,360,2,micro_dc_ucd,tolerant,8
667,401,1920,8,micro_dc_aau,moderate,3
668,401,4800,10,micro_dc_ucd,moderate,9
669,402,540,1,micro_dc_ucd,moderate,10
670,402,720,4,micro_dc_dcu,tolerant,0
671,402,120,1,micro_dc_dcu,tolerant,13
672,403,1680,4,micro_dc_dcu,tolerant,7
673,404,3600,10,micro_dc_aau,critical,4
674,404,960,4,micro_dc_ucd,moderate,3
675,404,120,1,micro_dc_aau,critical,2
676,405,2160,4,micro_dc_aau,tolerant,0
677,405,1080,2,micro_dc_aau,tolerant,9
678,405,3840,8,micro_dc_ucd,moderate,6
679,406,720,2,micro_dc_dcu,tolerant,0
680,406,1440,8,micro_dc_aau,moderate,5
681,407,600,2,micro_dc_aau,tolerant,0
682,407,60,1,micro_dc_aau,critical,4
683,407,360,2,micro_dc_aau,tolerant,8
684,408,300,1,micro_dc_dcu,critical,1
685,408,600,2,micro_dc_ucd,tolerant,5
686,408,240,4,micro_dc_ucd,tolerant,15
687,408,600,1,micro_dc_ucd,tolerant,13
688,408,180,1,micro_dc_aau,tolerant,0
689,409,360,1,micro_dc_ucd,critical,4
690,410,300,1,micro_dc_dcu,critical,1
691,411,2400,8,micro_dc_aau,critical,4
692,411,5400,10,micro_dc_ucd,critical,3
693,412,480,1,micro_dc_dcu,moderate,10
694,412,3240,6,micro_dc_dcu,tolerant,2
695,414,1440,6,micro_dc_aau,moderate,6
696,414,2880,16,micro_dc_dcu,tolerant,0
697,414,600,2,micro_dc_dcu,moderate,4
698,415,720,2,micro_dc_aau,tolerant,9
699,416,960,4,micro_dc_aau,moderate,6
700,416,2400,8,micro_dc_aau,tolerant,7
701,418,720,6,micro_dc_aau,tolerant,5
702,418,1440,4,micro_dc_aau,tolerant,1
703,418,480,1,micro_dc_aau,tolerant,0
704,418,2160,6,micro_dc_aau,tolerant,0
705,420,4320,8,micro_dc_ucd,tolerant,0
706,420,1200,2,micro_dc_dcu,tolerant,11
707,420,2400,4,micro_dc_ucd,tolerant,0
708,421,120,2,micro_dc_dcu,tolerant,0
709,422,2160,4,micro_dc_dcu,moderate,9
710,423,960,4,micro_dc_aau,tolerant,1
711,423,1800,6,micro_dc_dcu,tolerant,3
712,424,3600,12,micro_dc_aau,tolerant,0
713,424,360,2,micro_dc_aau,tolerant,6
714,424,1080,2,micro_dc_aau,tolerant,6
715,424,840,2,micro_dc_ucd,moderate,4
716,424,600,1,micro_dc_aau,tolerant,0
717,425,1200,2,micro_dc_ucd,tolerant,0
718,425,300,1,micro_dc_dcu,tolerant,0
719,425,960,2,micro_dc_dcu,tolerant,0
720,426,360,1,micro_dc_ucd,tolerant,7
721,427,600,2,micro_dc_aau,moderate,3
722,427,2880,6,micro_dc_aau,tolerant,0
723,428,420,1,micro_dc_dcu,moderate,5
724,428,2400,4,micro_dc_ucd,tolerant,0
725,428,4800,10,micro_dc_ucd,tolerant,9
726,429,1680,4,micro_dc_ucd,tolerant,14
727,429,600,1,micro_dc_aau,tolerant,9
728,429,240,2,micro_dc_dcu,tolerant,13
729,429,1920,4,micro_dc_ucd,moderate,3
730,430,960,4,micro_dc_dcu,moderate,9
731,432,300,1,micro_dc_aau,tolerant,11
732,435,960,2,micro_dc_dcu,tolerant,1
733,435,720,4,micro_dc_dcu,moderate,4
734,436,1080,2,micro_dc_ucd,tolerant,0
735,436,1200,4,micro_dc_aau,tolerant,4
736,437,240,1,micro_dc_ucd,moderate,3
737,438,480,2,micro_dc_aau,tolerant,1
738,438,2400,8,micro_dc_ucd,tolerant,1
739,438,1200,2,micro_dc_ucd,tolerant,0
740,438,480,4,micro_dc_dcu,moderate,6
741,439,720,2,micro_dc_ucd,tolerant,14
742,439,1080,2,micro_dc_ucd,moderate,9
743,440,3000,10,micro_dc_ucd,tolerant,0
744,440,720,2,micro_dc_aau,tolerant,0
745,440,240,1,micro_dc_aau,tolerant,12
746,441,1200,10,micro_dc_ucd,moderate,10
747,441,2520,6,micro_dc_dcu,tolerant,0
748,442,2400,4,micro_dc_dcu,moderate,4
749,447,360,1,micro_dc_dcu,tolerant,6
750,447,300,1,micro_dc_dcu,tolerant,0
751,447,480,4,micro_dc_aau,tolerant,0
752,448,600,1,micro_dc_dcu,tolerant,10
753,448,540,1,micro_dc_dcu,tolerant,0
754,449,3600,6,micro_dc_aau,moderate,3
755,449,480,2,micro_dc_dcu,critical,2
756,449,420,1,micro_dc_ucd,moderate,7
757,450,300,1,micro_dc_ucd,tolerant,5
758,451,360,2,micro_dc_dcu,tolerant,0
759,451,720,4,micro_dc_ucd,moderate,7
760,452,1920,8,micro_dc_aau,tolerant,15
761,452,360,1,micro_dc_dcu,moderate,8
762,452,120,1,micro_dc_ucd,moderate,8
763,454,1920,4,micro_dc_dcu,tolerant,13
764,454,600,2,micro_dc_aau,critical,1
765,455,2160,4,micro_dc_aau,moderate,8
766,455,1800,10,micro_dc_aau,tolerant,7
767,455,240,4,micro_dc_aau,critical,4
768,456,480,2,micro_dc_dcu,tolerant,0
769,457,9600,16,micro_dc_aau,tolerant,14
770,458,240,1,micro_dc_aau,tolerant,0
771,458,4800,10,micro_dc_dcu,tolerant,0
772,460,2160,4,micro_dc_dcu,tolerant,14
773,461,720,4,micro_dc_aau,critical,3
774,462,4200,10,micro_dc_dcu,tolerant,7
775,462,720,4,micro_dc_ucd,tolerant,13
776,463,480,2,micro_dc_ucd,moderate,3
777,464,360,2,micro_dc_dcu,tolerant,0
778,466,1680,4,micro_dc_ucd,moderate,7
779,469,2160,4,micro_dc_ucd,tolerant,0
780,469,180,1,micro_dc_ucd,critical,4
781,471,1080,6,micro_dc_dcu,moderate,3
782,471,2160,4,micro_dc_dcu,tolerant,0
783,473,600,2,micro_dc_dcu,tolerant,12
784,474,360,1,micro_dc_dcu,tolerant,15
785,475,960,2,micro_dc_aau,critical,2
786,475,120,1,micro_dc_ucd,moderate,10
787,478,540,1,micro_dc_dcu,tolerant,10
788,479,480,2,micro_dc_dcu,tolerant,0
789,479,420,1,micro_dc_ucd,moderate,9
790,479,600,2,micro_dc_ucd,tolerant,6
791,479,1920,4,micro_dc_ucd,moderate,3
792,479,840,2,micro_dc_ucd,moderate,8
793,480,1920,16,micro_dc_ucd,tolerant,7
794,481,1200,10,micro_dc_ucd,tolerant,0
795,481,2160,4,micro_dc_ucd,tolerant,0
796,481,4320,12,micro_dc_aau,tolerant,12
797,482,1440,8,micro_dc_aau,critical,4
798,482,240,2,micro_dc_dcu,moderate,8
799,482,720,6,micro_dc_ucd,moderate,5
800,482,600,1,micro_dc_aau,tolerant,0
801,483,2400,4,micro_dc_ucd,tolerant,13
802,483,960,4,micro_dc_ucd,moderate,5
803,484,180,1,micro_dc_dcu,tolerant,0
804,486,600,2,micro_dc_dcu,tolerant,10
805,486,1440,12,micro_dc_ucd,tolerant,7
806,487,720,2,micro_dc_aau,moderate,4
807,488,420,1,micro_dc_ucd,moderate,7
808,488,600,1,micro_dc_ucd,tolerant,0
809,488,960,4,micro_dc_dcu,moderate,6
810,489,960,8,micro_dc_dcu,tolerant,10
811,490,720,6,micro_dc_aau,tolerant,0
812,490,480,2,micro_dc_ucd,tolerant,0
813,491,420,1,micro_dc_dcu,moderate,4
814,492,60,1,micro_dc_ucd,tolerant,0
815,495,1920,4,micro_dc_ucd,tolerant,0
816,495,2400,8,micro_dc_dcu,tolerant,13
817,496,2880,6,micro_dc_aau,moderate,3
818,496,600,2,micro_dc_ucd,moderate,4
819,497,480,4,micro_dc_aau,tolerant,0
820,497,120,2,micro_dc_dcu,critical,2
821,497,1440,4,micro_dc_dcu,tolerant,5
822,497,1440,4,micro_dc_aau,tolerant,1
823,498,2160,4,micro_dc_ucd,tolerant,1
824,498,2160,4,micro_dc_ucd,moderate,8
825,498,1200,10,micro_dc_aau,tolerant,0
826,501,480,2,micro_dc_ucd,tolerant,8
827,501,180,1,micro_dc_aau,tolerant,0
828,502,120,1,micro_dc_aau,tolerant,11
829,502,240,4,micro_dc_aau,moderate,5
830,502,240,4,micro_dc_dcu,critical,4
831,504,1440,4,micro_dc_dcu,tolerant,0
832,504,720,6,micro_dc_aau,moderate,6
833,504,240,2,micro_dc_ucd,tolerant,6
834,505,480,4,micro_dc_ucd,tolerant,0
835,507,2880,6,micro_dc_dcu,tolerant,6
836,507,840,2,micro_dc_dcu,critical,1
837,508,1200,2,micro_dc_aau,tolerant,0
838,508,120,1,micro_dc_aau,moderate,9
839,508,360,2,micro_dc_dcu,tolerant,0
840,509,1800,6,micro_dc_ucd,moderate,3
841,509,4200,10,micro_dc_ucd,tolerant,12
842,511,480,4,micro_dc_aau,critical,4
843,511,360,2,micro_dc_dcu,moderate,10
844,512,1200,4,micro_dc_dcu,tolerant,14
845,512,360,6,micro_dc_dcu,moderate,8
846,512,480,2,micro_dc_aau,moderate,6
847,513,3840,8,micro_dc_ucd,tolerant,0
848,514,360,1,micro_dc_ucd,tolerant,0
849,514,300,1,micro_dc_aau,moderate,9
850,515,300,1,micro_dc_dcu,moderate,10
851,515,600,1,micro_dc_aau,tolerant,13
852,516,2880,8,micro_dc_ucd,moderate,6
853,516,720,2,micro_dc_ucd,tolerant,5
854,518,1200,2,micro_dc_aau,tolerant,0
855,518,240,2,micro_dc_aau,tolerant,12
856,520,120,2,micro_dc_ucd,tolerant,1
857,520,600,2,micro_dc_aau,tolerant,0
858,523,240,1,micro_dc_ucd,tolerant,0
859,524,720,4,micro_dc_ucd,tolerant,13
860,524,120,1,micro_dc_aau,tolerant,8
861,524,3240,6,micro_dc_ucd,moderate,10
862,524,420,1,micro_dc_ucd,tolerant,13
863,525,2520,6,micro_dc_ucd,moderate,4
864,525,960,8,micro_dc_dcu,tolerant,0
865,525,240,1,micro_dc_ucd,tolerant,8
866,526,420,1,micro_dc_ucd,tolerant,4
867,527,3600,10,micro_dc_ucd,moderate,10
868,527,1680,4,micro_dc_dcu,tolerant,0
869,527,1680,4,micro_dc_dcu,tolerant,0
870,528,300,1,micro_dc_ucd,moderate,9
871,529,960,2,micro_dc_dcu,moderate,3
872,530,720,4,micro_dc_dcu,moderate,3
873,530,600,10,micro_dc_dcu,tolerant,0
874,532,1200,2,micro_dc_dcu,tolerant,10
875,533,360,6,micro_dc_ucd,tolerant,0
876,533,720,4,micro_dc_dcu,moderate,5
877,533,120,1,micro_dc_aau,tolerant,0
878,534,360,2,micro_dc_ucd,tolerant,0
879,535,240,1,micro_dc_ucd,tolerant,4
880,535,240,2,micro_dc_ucd,tolerant,10
881,536,1200,4,micro_dc_aau,moderate,4
882,536,1200,2,micro_dc_aau,tolerant,0
883,537,120,1,micro_dc_aau,tolerant,8
884,537,2400,4,micro_dc_ucd,tolerant,0
885,537,1200,4,micro_dc_dcu,tolerant,11
886,537,1440,4,micro_dc_ucd,tolerant,1
887,537,1200,4,micro_dc_aau,tolerant,0
888,537,240,1,micro_dc_dcu,moderate,5
889,538,480,4,micro_dc_dcu,moderate,9
890,538,720,2,micro_dc_dcu,critical,2
891,539,1200,2,micro_dc_aau,critical,1
892,539,360,1,micro_dc_aau,tolerant,13
893,539,1440,4,micro_dc_aau,tolerant,1
894,539,1680,4,micro_dc_dcu,tolerant,4
895,540,480,2,micro_dc_aau,moderate,4
896,541,960,8,micro_dc_aau,tolerant,0
897,543,2880,8,micro_dc_dcu,tolerant,0
898,543,540,1,micro_dc_aau,tolerant,11
899,543,960,4,micro_dc_aau,tolerant,0
900,547,1080,2,micro_dc_aau,moderate,9
901,548,8640,16,micro_dc_ucd,moderate,5
902,548,180,1,micro_dc_aau,tolerant,0
903,548,720,2,micro_dc_dcu,critical,2
904,553,960,2,micro_dc_ucd,tolerant,0
905,553,600,2,micro_dc_dcu,tolerant,7
906,553,1680,4,micro_dc_aau,tolerant,0
907,555,2400,4,micro_dc_aau,moderate,5
908,555,420,1,micro_dc_aau,tolerant,4
909,555,2160,4,micro_dc_aau,tolerant,12
910,555,5400,10,micro_dc_dcu,critical,4
911,558,3240,6,micro_dc_aau,tolerant,1
912,558,2160,4,micro_dc_ucd,tolerant,12
913,559,360,2,micro_dc_ucd,moderate,7
914,559,60,1,micro_dc_ucd,critical,1
915,560,960,8,micro_dc_aau,moderate,3
916,561,1080,6,micro_dc_dcu,critical,3
917,561,1680,4,micro_dc_aau,tolerant,14
918,562,2880,8,micro_dc_dcu,moderate,10
919,563,300,1,micro_dc_dcu,moderate,9
920,565,240,4,micro_dc_aau,tolerant,15
921,565,420,1,micro_dc_dcu,tolerant,12
922,566,240,1,micro_dc_dcu,critical,2
923,566,1920,4,micro_dc_ucd,tolerant,0
924,567,240,2,micro_dc_dcu,tolerant,0
925,569,1800,10,micro_dc_ucd,moderate,10
926,570,120,2,micro_dc_ucd,critical,3
927,571,1440,8,micro_dc_ucd,critical,3
928,571,3600,6,micro_dc_ucd,moderate,10
929,571,1200,4,micro_dc_ucd,tolerant,8
930,573,3000,10,micro_dc_ucd,critical,1
931,573,360,2,micro_dc_ucd,tolerant,11
932,573,360,2,micro_dc_aau,moderate,10
933,574,420,1,micro_dc_ucd,tolerant,0
934,574,1200,2,micro_dc_dcu,moderate,9
935,574,3840,8,micro_dc_ucd,tolerant,6
936,575,1920,4,micro_dc_aau,moderate,3
937,575,600,2,micro_dc_ucd,tolerant,15
938,575,60,1,micro_dc_aau,tolerant,0
939,576,1920,4,micro_dc_dcu,tolerant,0
940,576,3240,6,micro_dc_aau,tolerant,0
941,577,720,2,micro_dc_dcu,moderate,10
942,577,360,6,micro_dc_dcu,tolerant,5
943,578,1920,4,micro_dc_aau,tolerant,0
944,580,3600,6,micro_dc_aau,tolerant,7
945,580,360,2,micro_dc_dcu,tolerant,0
946,580,480,4,micro_dc_aau,moderate,8
947,582,480,1,micro_dc_aau,tolerant,9
948,584,480,2,micro_dc_aau,tolerant,0
949,585,2880,6,micro_dc_aau,tolerant,0
950,585,1920,4,micro_dc_ucd,tolerant,11
951,585,180,1,micro_dc_dcu,moderate,8
952,586,480,8,micro_dc_dcu,tolerant,0
953,588,360,1,micro_dc_aau,tolerant,7
954,590,1200,4,micro_dc_ucd,moderate,7
955,590,8640,16,micro_dc_aau,tolerant,0
956,591,960,4,micro_dc_ucd,tolerant,7
957,591,1440,8,micro_dc_dcu,tolerant,0
958,591,2160,4,micro_dc_aau,critical,2
959,592,2880,6,micro_dc_ucd,tolerant,2
960,592,1680,4,micro_dc_aau,tolerant,0
961,593,2400,4,micro_dc_aau,critical,2
962,594,480,1,micro_dc_ucd,moderate,3
963,596,3240,6,micro_dc_ucd,moderate,5
964,597,480,1,micro_dc_ucd,moderate,8
965,598,4800,16,micro_dc_aau,tolerant,12
966,599,60,1,micro_dc_aau,moderate,7
967,600,420,1,micro_dc_dcu,moderate,10
968,600,3840,8,micro_dc_ucd,tolerant,0
969,600,600,1,micro_dc_ucd,tolerant,5
970,601,840,2,micro_dc_ucd,tolerant,0
971,601,2160,6,micro_dc_dcu,critical,3
972,601,360,1,micro_dc_aau,tolerant,0
973,601,120,1,micro_dc_ucd,tolerant,10
974,601,240,4,micro_dc_aau,moderate,4
975,601,60,1,micro_dc_ucd,moderate,3
976,604,600,1,micro_dc_dcu,tolerant,10
977,605,480,1,micro_dc_aau,moderate,10
978,606,360,2,micro_dc_dcu,tolerant,1
979,606,600,2,micro_dc_dcu,moderate,5
980,608,300,1,micro_dc_dcu,tolerant,13
981,608,720,4,micro_dc_dcu,tolerant,10
982,608,1200,4,micro_dc_ucd,moderate,6
983,608,240,1,micro_dc_ucd,tolerant,4
984,608,840,2,micro_dc_aau,tolerant,3
985,609,3840,8,micro_dc_aau,tolerant,0
986,610,240,4,micro_dc_aau,moderate,4
987,610,600,2,micro_dc_ucd,moderate,6
988,611,2400,4,micro_dc_ucd,moderate,9
989,615,540,1,micro_dc_ucd,critical,2
990,615,3840,8,micro_dc_ucd,critical,3
991,615,4800,10,micro_dc_dcu,tolerant,3
992,618,600,10,micro_dc_ucd,tolerant,0
993,619,600,1,micro_dc_aau,moderate,7
994,620,960,2,micro_dc_ucd,critical,1
995,620,540,1,micro_dc_dcu,critical,1
996,621,1200,2,micro_dc_ucd,moderate,5
997,623,360,2,micro_dc_dcu,tolerant,12
998,625,240,4,micro_dc_ucd,critical,1
999,625,420,1,micro_dc_dcu,critical,1
1000,626,3000,10,micro_dc_aau,moderate,7
1001,628,60,1,micro_dc_aau,moderate,9
1002,628,180,1,micro_dc_ucd,tolerant,0
1003,630,4800,8,micro_dc_dcu,critical,3
1004,630,1440,6,micro_dc_aau,tolerant,9
1005,631,360,2,micro_dc_dcu,moderate,5
1006,631,1680,4,micro_dc_dcu,tolerant,14
1007,634,420,1,micro_dc_dcu,tolerant,2
1008,635,240,1,micro_dc_aau,tolerant,1
1009,635,2160,4,micro_dc_dcu,tolerant,0
1010,635,720,2,micro_dc_aau,tolerant,0
1011,635,480,4,micro_dc_aau,critical,1
1012,636,240,1,micro_dc_dcu,tolerant,0
1013,636,2160,4,micro_dc_ucd,moderate,5
1014,637,360,6,micro_dc_ucd,tolerant,15
1015,637,60,1,micro_dc_dcu,tolerant,12
1016,638,420,1,micro_dc_aau,moderate,10
1017,640,600,2,micro_dc_dcu,moderate,7
1018,641,1080,6,micro_dc_ucd,tolerant,13
1019,641,1200,4,micro_dc_aau,moderate,8
1020,641,720,6,micro_dc_ucd,moderate,5
1021,642,480,2,micro_dc_dcu,tolerant,0
1022,644,180,1,micro_dc_ucd,critical,2
1023,644,1440,4,micro_dc_ucd,moderate,5
1024,645,420,1,micro_dc_aau,moderate,6
1025,645,3600,6,micro_dc_aau,tolerant,0
1026,647,60,1,micro_dc_ucd,tolerant,0
1027,647,480,2,micro_dc_ucd,tolerant,0
1028,648,720,4,micro_dc_dcu,moderate,5
1029,648,1440,4,micro_dc_aau,moderate,10
1030,648,1440,4,micro_dc_dcu,tolerant,0
1031,650,1080,2,micro_dc_aau,moderate,6
1032,651,6000,10,micro_dc_dcu,tolerant,0
1033,651,3840,8,micro_dc_dcu,tolerant,0
1034,652,960,8,micro_dc_ucd,critical,2
1035,652,240,4,micro_dc_aau,tolerant,8
1036,652,2160,4,micro_dc_aau,tolerant,9
1037,653,2400,4,micro_dc_ucd,tolerant,0
1038,653,360,2,micro_dc_aau,tolerant,0
1039,653,120,2,micro_dc_aau,moderate,4
1040,653,1680,4,micro_dc_dcu,critical,2
1041,654,360,1,micro_dc_aau,tolerant,0
1042,656,540,1,micro_dc_dcu,tolerant,3
1043,657,2880,8,micro_dc_ucd,tolerant,0
1044,658,480,1,micro_dc_aau,tolerant,0
1045,658,1920,4,micro_dc_ucd,tolerant,2
1046,659,240,4,micro_dc_aau,tolerant,0
1047,659,120,1,micro_dc_ucd,moderate,7
1048,661,4800,10,micro_dc_dcu,tolerant,0
1049,661,120,1,micro_dc_aau,tolerant,14
1050,661,1800,10,micro_dc_dcu,tolerant,2
1051,661,2880,6,micro_dc_aau,moderate,7
1052,661,180,1,micro_dc_ucd,tolerant,0
1053,662,120,1,micro_dc_ucd,tolerant,12
1054,662,120,2,micro_dc_ucd,moderate,8
1055,662,600,2,micro_dc_ucd,tolerant,0
1056,663,420,1,micro_dc_ucd,critical,1
1057,663,7680,16,micro_dc_dcu,tolerant,0
1058,664,600,1,micro_dc_ucd,moderate,3
1059,664,3360,8,micro_dc_aau,critical,4
1060,664,480,1,micro_dc_ucd,tolerant,0
1061,665,2880,16,micro_dc_aau,moderate,3
1062,666,240,1,micro_dc_aau,tolerant,2
1063,667,480,2,micro_dc_aau,moderate,4
1064,667,240,4,micro_dc_aau,critical,1
1065,669,600,1,micro_dc_aau,moderate,9
1066,669,1440,8,micro_dc_aau,critical,4
1067,671,600,2,micro_dc_dcu,tolerant,9
1068,671,960,4,micro_dc_dcu,tolerant,9
1069,672,240,4,micro_dc_dcu,tolerant,14
1070,672,2400,4,micro_dc_dcu,moderate,3
1071,673,180,1,micro_dc_dcu,moderate,8
1072,674,120,1,micro_dc_ucd,moderate,10
1073,674,240,1,micro_dc_aau,tolerant,6
1074,674,240,2,micro_dc_aau,tolerant,14
1075,675,600,1,micro_dc_aau,moderate,8
1076,675,1200,10,micro_dc_ucd,critical,3
1077,678,960,4,micro_dc_aau,tolerant,15
1078,678,720,4,micro_dc_dcu,tolerant,1
1079,678,120,2,micro_dc_ucd,tolerant,6
1080,678,120,2,micro_dc_aau,tolerant,0
1081,679,1440,4,micro_dc_aau,critical,3
1082,680,360,2,micro_dc_aau,tolerant,11
1083,681,120,2,micro_dc_dcu,tolerant,10
1084,681,720,4,micro_dc_ucd,tolerant,1
1085,682,720,4,micro_dc_ucd,tolerant,0
1086,683,4800,16,micro_dc_aau,critical,3
1087,683,600,1,micro_dc_aau,tolerant,0
1088,683,960,4,micro_dc_ucd,tolerant,13
1089,689,480,1,micro_dc_aau,tolerant,7
1090,691,960,2,micro_dc_ucd,critical,2
1091,691,360,6,micro_dc_aau,critical,1
1092,691,360,1,micro_dc_ucd,tolerant,0
1093,692,1200,4,micro_dc_aau,moderate,10
1094,692,720,2,micro_dc_ucd,tolerant,6
1095,692,120,1,micro_dc_dcu,tolerant,12
1096,693,3000,10,micro_dc_aau,tolerant,14
1097,694,240,2,micro_dc_aau,moderate,10
1098,695,3600,6,micro_dc_dcu,critical,4
1099,698,720,2,micro_dc_aau,tolerant,0
1100,699,600,10,micro_dc_ucd,tolerant,10
1101,699,720,2,micro_dc_dcu,tolerant,0
1102,700,1200,2,micro_dc_aau,tolerant,14
1103,702,2880,6,micro_dc_ucd,tolerant,0
1104,702,360,2,micro_dc_dcu,tolerant,0
1105,703,1080,2,micro_dc_dcu,critical,3
1106,704,1920,16,micro_dc_dcu,tolerant,8
1107,704,720,4,micro_dc_aau,moderate,6
1108,705,480,4,micro_dc_dcu,tolerant,5
1109,706,2400,4,micro_dc_aau,tolerant,0
1110,706,3840,8,micro_dc_dcu,tolerant,4
1111,706,2880,8,micro_dc_aau,critical,3
1112,707,1680,4,micro_dc_dcu,tolerant,0
1113,710,360,2,micro_dc_aau,tolerant,10
1114,710,60,1,micro_dc_dcu,moderate,8
1115,711,2160,4,micro_dc_aau,moderate,6
1116,711,4800,8,micro_dc_aau,moderate,7
1117,711,240,4,micro_dc_ucd,tolerant,0
1118,712,60,1,micro_dc_ucd,tolerant,0
1119,712,720,2,micro_dc_ucd,moderate,3
1120,712,240,4,micro_dc_dcu,moderate,10
1121,713,3840,8,micro_dc_dcu,moderate,4
1122,713,600,1,micro_dc_ucd,tolerant,10
1123,715,720,4,micro_dc_aau,tolerant,14
1124,716,1080,6,micro_dc_aau,critical,4
1125,716,5400,10,micro_dc_dcu,moderate,8
1126,717,240,1,micro_dc_ucd,tolerant,3
1127,717,1800,10,micro_dc_aau,critical,3
1128,721,240,4,micro_dc_ucd,tolerant,0
1129,721,3240,6,micro_dc_ucd,tolerant,0
1130,723,600,1,micro_dc_aau,tolerant,11
1131,724,240,4,micro_dc_aau,moderate,3
1132,725,2160,4,micro_dc_dcu,tolerant,14
1133,726,240,2,micro_dc_ucd,tolerant,0
1134,727,240,2,micro_dc_ucd,moderate,9
1135,728,960,4,micro_dc_aau,tolerant,0
1136,728,1200,4,micro_dc_ucd,critical,4
1137,728,540,1,micro_dc_aau,tolerant,0
1138,728,840,2,micro_dc_dcu,tolerant,12
1139,728,120,1,micro_dc_dcu,moderate,9
1140,729,3600,10,micro_dc_aau,moderate,6
1141,731,6480,12,micro_dc_dcu,tolerant,15
1142,731,840,2,micro_dc_dcu,moderate,9
1143,731,180,1,micro_dc_dcu,critical,3
1144,731,120,1,micro_dc_ucd,moderate,3
1145,732,1200,4,micro_dc_dcu,moderate,5
1146,732,2400,8,micro_dc_dcu,tolerant,0
1147,733,960,4,micro_dc_ucd,tolerant,8
1148,733,120,1,micro_dc_dcu,tolerant,0
1149,734,120,1,micro_dc_dcu,tolerant,0
1150,734,360,1,micro_dc_ucd,moderate,9
1151,734,4800,8,micro_dc_aau,tolerant,0
1152,734,1440,4,micro_dc_aau,tolerant,0
1153,734,1200,4,micro_dc_dcu,tolerant,7
1154,735,1200,2,micro_dc_ucd,tolerant,1
1155,736,4200,10,micro_dc_dcu,tolerant,2
1156,736,960,2,micro_dc_aau,moderate,7
1157,737,2880,8,micro_dc_ucd,tolerant,7
1158,737,4800,10,micro_dc_aau,tolerant,0
1159,738,1440,4,micro_dc_aau,tolerant,0
1160,740,4200,10,micro_dc_ucd,moderate,5
1161,740,840,2,micro_dc_ucd,tolerant,0
1162,741,1920,4,micro_dc_aau,tolerant,0
1163,741,540,1,micro_dc_aau,tolerant,0
1164,742,720,4,micro_dc_aau,tolerant,0
1165,743,420,1,micro_dc_dcu,moderate,5
1166,744,60,1,micro_dc_dcu,moderate,3
1167,745,360,1,micro_dc_dcu,critical,1
1168,746,1080,2,micro_dc_dcu,moderate,10
1169,747,1680,4,micro_dc_aau,tolerant,0
1170,748,720,4,micro_dc_ucd,tolerant,0
1171,749,840,2,micro_dc_ucd,tolerant,12
1172,750,3840,16,micro_dc_ucd,tolerant,2
1173,750,3000,10,micro_dc_aau,tolerant,5
1174,752,180,1,micro_dc_aau,tolerant,0
1175,752,840,2,micro_dc_ucd,tolerant,9
1176,754,480,4,micro_dc_ucd,tolerant,11
1177,754,1800,6,micro_dc_ucd,moderate,5
1178,754,1200,2,micro_dc_ucd,moderate,10
1179,755,2880,6,micro_dc_dcu,critical,1
1180,756,300,1,micro_dc_dcu,tolerant,0
1181,759,1200,2,micro_dc_dcu,tolerant,11
1182,761,360,6,micro_dc_ucd,critical,2
1183,761,2400,4,micro_dc_dcu,moderate,10
1184,762,1920,8,micro_dc_aau,tolerant,3
1185,762,540,1,micro_dc_dcu,tolerant,12
1186,762,600,1,micro_dc_aau,tolerant,0
1187,763,420,1,micro_dc_aau,moderate,3
1188,763,420,1,micro_dc_aau,moderate,6
1189,766,480,1,micro_dc_dcu,tolerant,7
1190,768,720,4,micro_dc_ucd,tolerant,12
1191,768,480,4,micro_dc_dcu,tolerant,0
1192,769,960,4,micro_dc_dcu,tolerant,0
1193,770,600,2,micro_dc_aau,moderate,10
1194,770,480,1,micro_dc_aau,tolerant,0
1195,771,720,4,micro_dc_dcu,tolerant,0
1196,771,360,1,micro_dc_dcu,tolerant,2
1197,771,480,8,micro_dc_aau,critical,4
1198,771,60,1,micro_dc_aau,tolerant,0
1199,771,2400,4,micro_dc_aau,tolerant,3
1200,772,5400,10,micro_dc_dcu,moderate,4
1201,772,2160,4,micro_dc_dcu,moderate,3
1202,772,960,4,micro_dc_dcu,moderate,7
1203,773,1440,4,micro_dc_dcu,moderate,5
1204,774,420,1,micro_dc_ucd,tolerant,6
1205,775,720,4,micro_dc_ucd,critical,1
1206,775,4800,10,micro_dc_dcu,critical,1
1207,775,5040,12,micro_dc_dcu,tolerant,13
1208,776,600,2,micro_dc_ucd,moderate,10
1209,776,600,2,micro_dc_ucd,tolerant,14
1210,777,1440,6,micro_dc_aau,tolerant,0
1211,779,2160,4,micro_dc_dcu,tolerant,14
1212,779,1200,2,micro_dc_dcu,tolerant,0
1213,779,600,1,micro_dc_aau,critical,4
1214,780,480,1,micro_dc_ucd,tolerant,0
1215,780,960,4,micro_dc_aau,tolerant,0
1216,782,480,1,micro_dc_aau,tolerant,14
1217,782,180,1,micro_dc_dcu,tolerant,0
1218,783,540,1,micro_dc_dcu,tolerant,8
1219,783,1800,10,micro_dc_aau,tolerant,5
1220,785,300,1,micro_dc_ucd,moderate,7
1221,787,60,1,micro_dc_ucd,critical,4
1222,787,240,4,micro_dc_aau,tolerant,13
1223,788,240,1,micro_dc_ucd,critical,1
1224,788,4320,12,micro_dc_aau,moderate,5
1225,789,600,10,micro_dc_aau,moderate,3
1226,789,1080,2,micro_dc_dcu,tolerant,0
1227,789,240,2,micro_dc_ucd,tolerant,0
1228,791,1200,2,micro_dc_aau,moderate,8
1229,791,180,1,micro_dc_aau,tolerant,0
1230,793,480,2,micro_dc_dcu,tolerant,0
1231,794,120,1,micro_dc_ucd,moderate,7
1232,795,540,1,micro_dc_dcu,tolerant,0
1233,796,1920,4,micro_dc_dcu,moderate,3
1234,798,60,1,micro_dc_ucd,tolerant,0
1235,799,120,1,micro_dc_dcu,critical,4
1236,802,1680,4,micro_dc_ucd,tolerant,0
1237,803,1080,2,micro_dc_aau,tolerant,12
1238,803,120,1,micro_dc_dcu,moderate,3
1239,804,180,1,micro_dc_aau,tolerant,6
1240,805,360,1,micro_dc_dcu,critical,1
1241,806,120,1,micro_dc_aau,moderate,6
1242,807,1920,8,micro_dc_aau,tolerant,11
1243,807,600,10,micro_dc_ucd,tolerant,12
1244,808,600,2,micro_dc_dcu,critical,3
1245,808,960,2,micro_dc_aau,moderate,10
1246,809,1800,6,micro_dc_dcu,moderate,9
1247,809,720,4,micro_dc_ucd,tolerant,8
1248,809,300,1,micro_dc_aau,critical,2
1249,809,360,1,micro_dc_ucd,tolerant,2
1250,810,240,2,micro_dc_aau,moderate,7
1251,812,480,4,micro_dc_aau,tolerant,7
1252,812,120,1,micro_dc_ucd,tolerant,0
1253,813,1200,2,micro_dc_ucd,critical,1
1254,813,960,2,micro_dc_aau,critical,1
1255,814,240,2,micro_dc_dcu,tolerant,0
1256,814,960,4,micro_dc_aau,critical,2
1257,817,1200,4,micro_dc_aau,tolerant,13
1258,818,480,4,micro_dc_ucd,tolerant,1
1259,819,540,1,micro_dc_aau,tolerant,5
1260,819,600,1,micro_dc_dcu,tolerant,9
1261,820,1440,8,micro_dc_aau,tolerant,0
1262,821,240,4,micro_dc_ucd,tolerant,0
1263,821,180,1,micro_dc_ucd,tolerant,7
1264,823,720,2,micro_dc_dcu,moderate,9
1265,823,4320,8,micro_dc_dcu,moderate,5
1266,824,1440,6,micro_dc_dcu,moderate,8
1267,825,1440,8,micro_dc_ucd,tolerant,13
1268,826,720,4,micro_dc_dcu,moderate,8
1269,827,120,2,micro_dc_aau,tolerant,7
1270,828,120,2,micro_dc_aau,moderate,8
1271,829,300,1,micro_dc_aau,tolerant,10
1272,830,1680,4,micro_dc_ucd,tolerant,0
1273,830,240,4,micro_dc_aau,tolerant,0
1274,831,180,1,micro_dc_dcu,moderate,3
1275,831,6000,10,micro_dc_aau,critical,2
1276,832,1200,2,micro_dc_aau,moderate,7
1277,832,420,1,micro_dc_ucd,critical,4
1278,833,720,2,micro_dc_aau,critical,4
1279,835,2880,8,micro_dc_dcu,tolerant,0
1280,836,2400,10,micro_dc_aau,moderate,8
1281,836,720,4,micro_dc_dcu,tolerant,5
1282,836,2880,12,micro_dc_ucd,tolerant,0
1283,836,3360,8,micro_dc_aau,tolerant,2
1284,837,3360,8,micro_dc_ucd,critical,1
1285,837,3360,8,micro_dc_aau,moderate,7
1286,838,840,2,micro_dc_ucd,tolerant,6
1287,840,360,6,micro_dc_aau,tolerant,0
1288,841,1680,4,micro_dc_dcu,tolerant,0
1289,847,3240,6,micro_dc_ucd,moderate,4
1290,848,420,1,micro_dc_ucd,critical,1
1291,849,2160,6,micro_dc_ucd,tolerant,0
1292,853,2160,12,micro_dc_aau,tolerant,0
1293,853,960,2,micro_dc_aau,tolerant,15
1294,853,4800,16,micro_dc_aau,tolerant,0
1295,853,360,2,micro_dc_dcu,tolerant,0
1296,854,300,1,micro_dc_dcu,tolerant,1
1297,855,120,1,micro_dc_aau,tolerant,2
1298,855,3600,6,micro_dc_ucd,tolerant,15
1299,855,1920,4,micro_dc_aau,critical,4
1300,856,480,2,micro_dc_dcu,tolerant,5
1301,856,1920,4,micro_dc_dcu,tolerant,0
1302,857,120,2,micro_dc_dcu,moderate,3
1303,858,480,2,micro_dc_aau,critical,4
1304,858,3360,8,micro_dc_aau,tolerant,7
1305,859,240,4,micro_dc_aau,tolerant,6
1306,860,2880,6,micro_dc_ucd,moderate,7
1307,860,2160,4,micro_dc_ucd,tolerant,13
1308,860,5760,16,micro_dc_aau,moderate,3
1309,860,180,1,micro_dc_aau,tolerant,0
1310,862,960,2,micro_dc_ucd,tolerant,0
1311,863,240,1,micro_dc_aau,tolerant,1
1312,864,1920,4,micro_dc_ucd,moderate,3
1313,865,1680,4,micro_dc_aau,tolerant,0
1314,866,360,6,micro_dc_aau,tolerant,8
1315,866,120,2,micro_dc_dcu,tolerant,0
1316,867,60,1,micro_dc_ucd,moderate,8
1317,869,240,4,micro_dc_aau,tolerant,11
1318,869,2880,16,micro_dc_ucd,moderate,9
1319,870,120,2,micro_dc_dcu,moderate,7
1320,871,600,1,micro_dc_dcu,tolerant,0
1321,871,1200,2,micro_dc_ucd,critical,2
1322,872,240,2,micro_dc_dcu,moderate,4
1323,872,480,2,micro_dc_aau,tolerant,0
1324,872,960,2,micro_dc_ucd,tolerant,2
1325,872,1680,4,micro_dc_dcu,tolerant,0
1326,873,720,2,micro_dc_ucd,tolerant,8
1327,874,1200,2,micro_dc_dcu,tolerant,4
1328,874,420,1,micro_dc_ucd,critical,4
1329,875,4200,10,micro_dc_ucd,moderate,9
1330,876,720,2,micro_dc_dcu,tolerant,7
1331,876,720,2,micro_dc_ucd,tolerant,0
1332,877,180,1,micro_dc_ucd,tolerant,0
1333,877,1440,4,micro_dc_aau,tolerant,3
1334,878,4800,8,micro_dc_aau,tolerant,14
1335,879,240,1,micro_dc_ucd,critical,3
1336,880,120,1,micro_dc_aau,moderate,4
1337,880,360,1,micro_dc_dcu,tolerant,0
1338,881,1920,4,micro_dc_ucd,moderate,3
1339,882,6000,10,micro_dc_aau,tolerant,12
1340,882,720,2,micro_dc_dcu,moderate,9
1341,883,960,2,micro_dc_ucd,tolerant,0
1342,884,1080,6,micro_dc_ucd,tolerant,6
1343,884,1800,6,micro_dc_aau,moderate,6
1344,884,300,1,micro_dc_ucd,tolerant,12
1345,885,240,1,micro_dc_dcu,tolerant,14
1346,887,960,2,micro_dc_ucd,tolerant,0
1347,887,3240,6,micro_dc_aau,moderate,10
1348,887,960,4,micro_dc_aau,moderate,4
1349,888,480,4,micro_dc_dcu,tolerant,9
1350,890,4320,8,micro_dc_dcu,tolerant,6
1351,891,1080,2,micro_dc_dcu,moderate,9
1352,893,1200,2,micro_dc_dcu,tolerant,3
1353,894,180,1,micro_dc_aau,tolerant,0
1354,895,3840,8,micro_dc_aau,moderate,7
1355,895,1920,4,micro_dc_ucd,tolerant,3
1356,895,960,2,micro_dc_aau,moderate,4
1357,896,540,1,micro_dc_ucd,tolerant,0
1358,897,3600,6,micro_dc_ucd,moderate,6
1359,899,1800,6,micro_dc_dcu,tolerant,8
1360,900,240,4,micro_dc_ucd,tolerant,4
1361,902,120,1,micro_dc_aau,tolerant,11
1362,903,5400,10,micro_dc_aau,critical,2
1363,904,3240,6,micro_dc_ucd,moderate,5
1364,904,240,4,micro_dc_ucd,moderate,4
1365,905,960,4,micro_dc_dcu,tolerant,8
1366,905,1800,10,micro_dc_aau,tolerant,14
1367,905,2400,10,micro_dc_dcu,moderate,9
1368,905,1680,4,micro_dc_aau,moderate,9
1369,906,720,2,micro_dc_ucd,tolerant,0
1370,906,600,2,micro_dc_dcu,moderate,7
1371,906,2400,8,micro_dc_ucd,tolerant,6
1372,908,1680,4,micro_dc_ucd,tolerant,0
1373,909,420,1,micro_dc_aau,critical,1
1374,909,60,1,micro_dc_ucd,tolerant,0
1375,909,1200,10,micro_dc_ucd,tolerant,0
1376,910,2400,10,micro_dc_dcu,tolerant,0
1377,910,3600,12,micro_dc_aau,critical,1
1378,910,1200,2,micro_dc_dcu,tolerant,0
1379,911,3240,6,micro_dc_ucd,moderate,10
1380,912,3360,8,micro_dc_aau,tolerant,11
1381,913,120,2,micro_dc_dcu,tolerant,0
1382,913,120,1,micro_dc_aau,tolerant,0
1383,915,4800,16,micro_dc_ucd,tolerant,9
1384,918,360,1,micro_dc_aau,tolerant,11
1385,918,1680,4,micro_dc_ucd,tolerant,0
1386,919,480,4,micro_dc_aau,moderate,10
1387,919,2160,4,micro_dc_dcu,tolerant,7
1388,920,600,2,micro_dc_aau,moderate,9
1389,921,2160,6,micro_dc_dcu,moderate,6
1390,922,60,1,micro_dc_ucd,tolerant,0
1391,924,4320,8,micro_dc_ucd,tolerant,15
1392,924,360,1,micro_dc_dcu,tolerant,0
1393,924,720,4,micro_dc_ucd,tolerant,8
1394,925,1440,6,micro_dc_dcu,tolerant,9
1395,926,240,1,micro_dc_ucd,tolerant,0
1396,927,60,1,micro_dc_dcu,tolerant,7
1397,928,3600,6,micro_dc_ucd,tolerant,4
1398,928,540,1,micro_dc_ucd,critical,2
1399,929,540,1,micro_dc_dcu,tolerant,9
1400,930,960,4,micro_dc_dcu,tolerant,9
1401,932,3600,10,micro_dc_dcu,tolerant,11
1402,932,1200,4,micro_dc_dcu,moderate,5
1403,932,600,2,micro_dc_dcu,tolerant,10
1404,934,4320,12,micro_dc_dcu,tolerant,7
1405,934,1200,4,micro_dc_dcu,moderate,9
1406,936,960,2,micro_dc_aau,tolerant,13
1407,938,120,2,micro_dc_dcu,tolerant,3
1408,938,240,2,micro_dc_dcu,tolerant,0
1409,939,1080,2,micro_dc_aau,moderate,9
1410,939,2160,4,micro_dc_dcu,critical,1
1411,940,540,1,micro_dc_aau,moderate,10
1412,940,960,4,micro_dc_dcu,tolerant,12
1413,941,300,1,micro_dc_ucd,tolerant,1
1414,945,120,2,micro_dc_dcu,tolerant,0
1415,946,180,1,micro_dc_aau,moderate,10
1416,947,1920,4,micro_dc_ucd,critical,4
1417,947,1440,6,micro_dc_ucd,moderate,3
1418,950,600,2,micro_dc_dcu,tolerant,0
1419,951,120,1,micro_dc_aau,moderate,3
1420,952,300,1,micro_dc_dcu,moderate,4
1421,952,3840,8,micro_dc_dcu,moderate,5
1422,953,720,2,micro_dc_dcu,moderate,8
1423,954,2160,6,micro_dc_dcu,tolerant,12
1424,955,1200,2,micro_dc_ucd,moderate,7
1425,955,180,1,micro_dc_dcu,tolerant,0
1426,955,1080,6,micro_dc_aau,tolerant,9
1427,957,1680,4,micro_dc_aau,moderate,3
1428,958,300,1,micro_dc_aau,critical,2
1429,959,7200,12,micro_dc_ucd,moderate,8
1430,961,60,1,micro_dc_dcu,tolerant,13
1431,962,240,2,micro_dc_ucd,tolerant,1
1432,962,480,2,micro_dc_ucd,tolerant,1
1433,963,1200,4,micro_dc_aau,moderate,5
1434,963,3240,6,micro_dc_dcu,moderate,3
1435,967,300,1,micro_dc_ucd,critical,3
1436,967,3000,10,micro_dc_aau,tolerant,11
1437,968,480,4,micro_dc_aau,tolerant,0
1438,969,3600,12,micro_dc_dcu,moderate,4
1439,969,2880,8,micro_dc_aau,tolerant,13
1440,971,3600,10,micro_dc_aau,critical,4
1441,971,1680,4,micro_dc_dcu,tolerant,7
1442,974,600,2,micro_dc_aau,tolerant,9
1443,974,240,2,micro_dc_ucd,tolerant,3
1444,975,480,4,micro_dc_dcu,moderate,3
1445,975,240,2,micro_dc_dcu,moderate,6
1446,975,2520,6,micro_dc_aau,moderate,6
1447,976,540,1,micro_dc_dcu,moderate,7
1448,977,4320,8,micro_dc_dcu,tolerant,14
1449,977,240,1,micro_dc_ucd,moderate,7
1450,978,600,10,micro_dc_dcu,critical,4
1451,978,420,1,micro_dc_ucd,tolerant,0
1452,979,60,1,micro_dc_dcu,moderate,8
1453,981,3360,8,micro_dc_dcu,tolerant,8
1454,982,1920,8,micro_dc_aau,tolerant,0
1455,984,3240,6,micro_dc_dcu,tolerant,0
1456,985,5040,12,micro_dc_ucd,moderate,3
1457,985,960,2,micro_dc_dcu,tolerant,12
1458,986,2400,8,micro_dc_ucd,tolerant,8
1459,986,1080,2,micro_dc_dcu,moderate,5
1460,986,1440,4,micro_dc_ucd,tolerant,12
1461,987,840,2,micro_dc_ucd,moderate,3
1462,987,240,1,micro_dc_aau,critical,1
1463,987,1200,4,micro_dc_ucd,tolerant,2
1464,988,3240,6,micro_dc_dcu,tolerant,0
1465,988,240,1,micro_dc_aau,critical,3
1466,988,600,10,micro_dc_dcu,tolerant,15
1467,989,960,4,micro_dc_aau,tolerant,0
1468,989,240,1,micro_dc_dcu,critical,4
1469,989,1200,4,micro_dc_aau,moderate,3
1470,991,60,1,micro_dc_dcu,moderate,5
1471,992,120,1,micro_dc_ucd,tolerant,0
1472,993,960,4,micro_dc_aau,critical,3
1473,994,300,1,micro_dc_aau,moderate,8
1474,994,60,1,micro_dc_aau,moderate,4
1475,995,1440,6,micro_dc_ucd,moderate,3
1476,995,240,1,micro_dc_aau,moderate,6
1477,995,480,8,micro_dc_dcu,tolerant,0
1478,996,1080,6,micro_dc_aau,tolerant,7
1479,998,180,1,micro_dc_aau,tolerant,0
1480,998,480,4,micro_dc_ucd,tolerant,8
1481,998,480,1,micro_dc_dcu,tolerant,14
1482,999,240,4,micro_dc_ucd,tolerant,0
1483,1000,360,1,micro_dc_ucd,moderate,7
1484,1000,4200,10,micro_dc_dcu,tolerant,10
1485,1000,540,1,micro_dc_dcu,tolerant,5
1486,1001,1440,4,micro_dc_dcu,tolerant,0
1487,1002,360,1,micro_dc_aau,tolerant,4
1488,1002,480,1,micro_dc_ucd,moderate,4
1489,1002,2160,4,micro_dc_ucd,tolerant,8
1490,1006,720,4,micro_dc_aau,tolerant,14
1491,1006,7680,16,micro_dc_ucd,moderate,3
1492,1009,300,1,micro_dc_ucd,tolerant,0
1493,1010,60,1,micro_dc_dcu,tolerant,5
1494,1010,840,2,micro_dc_ucd,moderate,5
1495,1012,1200,2,micro_dc_ucd,tolerant,10
1496,1012,1200,10,micro_dc_ucd,moderate,8
1497,1014,600,10,micro_dc_dcu,moderate,3
1498,1014,6000,10,micro_dc_aau,critical,3
1499,1014,360,1,micro_dc_aau,tolerant,0
1500,1016,360,2,micro_dc_aau,moderate,9
1501,1016,2880,6,micro_dc_aau,moderate,4
1502,1017,480,2,micro_dc_dcu,tolerant,0
1503,1017,960,4,micro_dc_dcu,critical,1
1504,1017,180,1,micro_dc_aau,tolerant,11
1505,1019,720,2,micro_dc_ucd,moderate,10
1506,1019,960,8,micro_dc_aau,moderate,5
1507,1019,480,2,micro_dc_aau,tolerant,0
1508,1019,2880,12,micro_dc_dcu,tolerant,0
1509,1020,120,2,micro_dc_dcu,critical,4
1510,1023,480,1,micro_dc_aau,tolerant,13
1511,1025,120,2,micro_dc_aau,tolerant,0
1512,1027,600,1,micro_dc_ucd,tolerant,0
1513,1028,240,4,micro_dc_aau,moderate,7
1514,1028,240,1,micro_dc_dcu,tolerant,14
1515,1029,240,4,micro_dc_ucd,tolerant,15
1516,1029,1920,8,micro_dc_ucd,moderate,4
1517,1029,840,2,micro_dc_aau,tolerant,1
1518,1029,60,1,micro_dc_dcu,tolerant,0
1519,1030,720,2,micro_dc_ucd,tolerant,2
1520,1030,2880,6,micro_dc_dcu,critical,2
1521,1031,1200,4,micro_dc_dcu,moderate,10
1522,1031,120,1,micro_dc_ucd,tolerant,3
1523,1031,1680,4,micro_dc_dcu,tolerant,0
1524,1033,480,4,micro_dc_dcu,tolerant,0
1525,1034,120,2,micro_dc_aau,critical,2
1526,1036,300,1,micro_dc_dcu,tolerant,9
1527,1037,2880,16,micro_dc_ucd,tolerant,5
1528,1038,60,1,micro_dc_dcu,critical,2
1529,1039,480,1,micro_dc_aau,tolerant,0
1530,1040,360,1,micro_dc_ucd,tolerant,7
1531,1040,2400,4,micro_dc_aau,tolerant,0
1532,1041,600,2,micro_dc_ucd,moderate,6
1533,1043,300,1,micro_dc_dcu,tolerant,3
1534,1044,1080,2,micro_dc_dcu,critical,4
1535,1044,240,4,micro_dc_aau,tolerant,0
1536,1044,480,2,micro_dc_aau,tolerant,13
1537,1045,4800,10,micro_dc_aau,moderate,8
1538,1048,360,2,micro_dc_aau,moderate,9
1539,1048,540,1,micro_dc_aau,moderate,5
1540,1049,2160,12,micro_dc_ucd,moderate,10
1541,1049,2400,8,micro_dc_dcu,tolerant,0
1542,1049,1080,2,micro_dc_aau,moderate,8
1543,1050,1440,8,micro_dc_ucd,tolerant,0
1544,1050,2400,4,micro_dc_dcu,tolerant,4
1545,1050,120,2,micro_dc_dcu,critical,3
1546,1051,1440,8,micro_dc_aau,moderate,10
1547,1052,2160,6,micro_dc_ucd,tolerant,4
1548,1055,720,2,micro_dc_ucd,tolerant,10
1549,1057,2400,4,micro_dc_ucd,critical,2
1550,1058,1200,2,micro_dc_dcu,tolerant,12
1551,1058,420,1,micro_dc_dcu,tolerant,0
1552,1058,5040,12,micro_dc_dcu,tolerant,14
1553,1060,960,4,micro_dc_ucd,tolerant,9
1554,1061,2160,4,micro_dc_ucd,tolerant,0
1555,1061,1680,4,micro_dc_dcu,critical,4
1556,1061,240,4,micro_dc_ucd,tolerant,0
1557,1062,1080,2,micro_dc_aau,tolerant,0
1558,1062,2880,12,micro_dc_ucd,moderate,9
1559,1065,1200,4,micro_dc_aau,tolerant,10
1560,1066,1200,4,micro_dc_dcu,moderate,7
1561,1067,2160,4,micro_dc_aau,moderate,9
1562,1067,360,2,micro_dc_aau,moderate,5
1563,1067,240,1,micro_dc_dcu,moderate,7
1564,1069,120,2,micro_dc_aau,moderate,10
1565,1070,240,1,micro_dc_ucd,moderate,3
1566,1070,240,4,micro_dc_ucd,moderate,5
1567,1070,2880,8,micro_dc_dcu,tolerant,1
1568,1070,1080,2,micro_dc_aau,moderate,3
1569,1070,600,2,micro_dc_aau,moderate,7
1570,1071,2400,4,micro_dc_dcu,tolerant,4
1571,1071,600,1,micro_dc_ucd,moderate,4
1572,1072,600,10,micro_dc_aau,tolerant,8
1573,1076,720,2,micro_dc_dcu,tolerant,0
1574,1076,360,1,micro_dc_ucd,moderate,10
1575,1077,240,1,micro_dc_ucd,tolerant,0
1576,1078,5400,10,micro_dc_aau,tolerant,4
1577,1079,240,1,micro_dc_aau,tolerant,9
1578,1080,240,4,micro_dc_aau,moderate,5
1579,1080,360,1,micro_dc_ucd,tolerant,14
1580,1080,180,1,micro_dc_aau,moderate,4
1581,1082,1920,8,micro_dc_ucd,moderate,3
1582,1082,360,1,micro_dc_aau,moderate,8
1583,1082,480,1,micro_dc_aau,critical,2
1584,1082,720,4,micro_dc_dcu,moderate,5
1585,1083,1920,8,micro_dc_ucd,tolerant,14
1586,1083,120,2,micro_dc_aau,critical,3
1587,1083,240,1,micro_dc_ucd,tolerant,15
1588,1084,5760,16,micro_dc_dcu,tolerant,0
1589,1084,1680,4,micro_dc_ucd,tolerant,2
1590,1085,1440,8,micro_dc_dcu,moderate,8
1591,1087,360,6,micro_dc_aau,tolerant,0
1592,1087,1440,4,micro_dc_aau,tolerant,0
1593,1089,840,2,micro_dc_dcu,tolerant,4
1594,1089,120,2,micro_dc_ucd,tolerant,0
1595,1089,2160,6,micro_dc_aau,tolerant,3
1596,1090,360,6,micro_dc_dcu,moderate,4
1597,1091,3600,12,micro_dc_ucd,tolerant,12
1598,1092,1680,4,micro_dc_aau,tolerant,8
1599,1093,960,2,micro_dc_aau,tolerant,14
1600,1094,1920,4,micro_dc_ucd,tolerant,0
1601,1094,1920,4,micro_dc_ucd,moderate,10
1602,1095,360,2,micro_dc_ucd,tolerant,0
1603,1096,3240,6,micro_dc_dcu,tolerant,12
1604,1097,960,4,micro_dc_ucd,moderate,5
1605,1098,240,1,micro_dc_dcu,tolerant,0
1606,1099,1920,4,micro_dc_aau,tolerant,9
1607,1100,960,4,micro_dc_ucd,moderate,7
1608,1100,600,10,micro_dc_aau,moderate,7
1609,1101,960,2,micro_dc_ucd,moderate,8
1610,1101,1680,4,micro_dc_ucd,tolerant,0
1611,1101,1440,4,micro_dc_aau,tolerant,14
1612,1102,480,4,micro_dc_dcu,tolerant,0
1613,1103,420,1,micro_dc_aau,tolerant,9
1614,1103,1200,10,micro_dc_dcu,tolerant,0
1615,1104,3600,10,micro_dc_dcu,critical,4
1616,1105,1440,4,micro_dc_aau,moderate,7
1617,1105,1920,4,micro_dc_aau,tolerant,2
1618,1106,600,1,micro_dc_aau,tolerant,7
1619,1108,480,4,micro_dc_dcu,moderate,5
1620,1108,240,2,micro_dc_aau,tolerant,4
1621,1111,2160,6,micro_dc_ucd,tolerant,0
1622,1112,600,1,micro_dc_dcu,tolerant,13
1623,1112,720,6,micro_dc_ucd,moderate,5
1624,1113,600,2,micro_dc_ucd,moderate,6
1625,1114,1200,4,micro_dc_ucd,tolerant,0
1626,1115,960,4,micro_dc_dcu,tolerant,15
1627,1116,420,1,micro_dc_aau,moderate,5
1628,1116,360,2,micro_dc_dcu,tolerant,7
1629,1117,2400,8,micro_dc_aau,moderate,7
1630,1117,2160,4,micro_dc_dcu,tolerant,10
1631,1119,240,1,micro_dc_dcu,moderate,6
1632,1121,120,2,micro_dc_ucd,critical,2
1633,1122,1080,2,micro_dc_aau,moderate,6
1634,1122,720,4,micro_dc_ucd,tolerant,9
1635,1124,1920,4,micro_dc_ucd,moderate,8
1636,1125,480,1,micro_dc_aau,tolerant,6
1637,1126,1440,4,micro_dc_dcu,tolerant,0
1638,1128,360,6,micro_dc_ucd,tolerant,0
1639,1130,3600,6,micro_dc_dcu,critical,2
1640,1130,420,1,micro_dc_dcu,tolerant,14
1641,1131,600,2,micro_dc_ucd,moderate,6
1642,1131,1080,2,micro_dc_aau,tolerant,12
1643,1131,480,1,micro_dc_aau,tolerant,8
1644,1131,960,2,micro_dc_ucd,tolerant,3
1645,1132,120,1,micro_dc_dcu,moderate,7
1646,1133,420,1,micro_dc_ucd,tolerant,10
1647,1136,720,4,micro_dc_aau,tolerant,3
1648,1136,120,2,micro_dc_dcu,tolerant,0
1649,1137,1440,6,micro_dc_ucd,tolerant,8
1650,1137,120,1,micro_dc_dcu,tolerant,10
1651,1138,480,4,micro_dc_dcu,tolerant,1
1652,1138,960,2,micro_dc_dcu,tolerant,0
1653,1139,2160,6,micro_dc_aau,critical,2
1654,1140,1440,6,micro_dc_dcu,tolerant,2
1655,1145,240,2,micro_dc_dcu,tolerant,2
1656,1147,1920,4,micro_dc_ucd,tolerant,7
1657,1147,420,1,micro_dc_dcu,tolerant,12
1658,1148,1440,4,micro_dc_ucd,moderate,5
1659,1149,120,1,micro_dc_aau,tolerant,12
1660,1150,240,2,micro_dc_ucd,tolerant,0
1661,1150,120,1,micro_dc_aau,moderate,6
1662,1150,600,10,micro_dc_dcu,tolerant,6
1663,1151,1200,2,micro_dc_aau,critical,4
1664,1152,960,4,micro_dc_dcu,critical,4
1665,1152,840,2,micro_dc_ucd,tolerant,9
1666,1152,1200,2,micro_dc_aau,tolerant,0
1667,1154,600,1,micro_dc_aau,tolerant,4
1668,1157,2400,10,micro_dc_ucd,tolerant,0
1669,1160,1800,6,micro_dc_ucd,tolerant,1
1670,1160,300,1,micro_dc_dcu,tolerant,0
1671,1162,360,6,micro_dc_aau,tolerant,6
1672,1163,960,2,micro_dc_dcu,tolerant,1
1673,1163,360,1,micro_dc_ucd,tolerant,12
1674,1164,960,4,micro_dc_aau,critical,3
1675,1165,360,1,micro_dc_dcu,critical,2
1676,1166,480,1,micro_dc_dcu,tolerant,8
1677,1166,240,4,micro_dc_dcu,moderate,7
1678,1166,840,2,micro_dc_ucd,tolerant,3
1679,1168,5400,10,micro_dc_ucd,moderate,8
1680,1168,1920,4,micro_dc_dcu,tolerant,0
1681,1169,3360,8,micro_dc_dcu,moderate,8
1682,1170,240,4,micro_dc_ucd,tolerant,1
1683,1170,3840,8,micro_dc_ucd,tolerant,10
1684,1171,960,2,micro_dc_aau,critical,1
1685,1174,1200,4,micro_dc_ucd,tolerant,0
1686,1175,1440,4,micro_dc_ucd,tolerant,4
1687,1177,4200,10,micro_dc_dcu,moderate,8
1688,1179,120,1,micro_dc_aau,moderate,3
1689,1181,720,4,micro_dc_aau,moderate,8
1690,1183,2880,6,micro_dc_dcu,moderate,6
1691,1183,1200,2,micro_dc_aau,moderate,3
1692,1183,1440,8,micro_dc_dcu,tolerant,2
1693,1184,600,2,micro_dc_aau,moderate,10
1694,1185,600,1,micro_dc_ucd,moderate,9
1695,1188,480,4,micro_dc_ucd,moderate,7
1696,1189,360,2,micro_dc_aau,tolerant,0
1697,1190,60,1,micro_dc_aau,tolerant,9
1698,1191,180,1,micro_dc_aau,moderate,9
1699,1192,420,1,micro_dc_dcu,tolerant,9
1700,1198,1440,6,micro_dc_dcu,tolerant,15
1701,1201,6000,10,micro_dc_ucd,moderate,4
1702,1202,2160,4,micro_dc_dcu,tolerant,5
1703,1204,540,1,micro_dc_aau,tolerant,5
1704,1207,1920,4,micro_dc_ucd,tolerant,0
1705,1207,3840,8,micro_dc_dcu,tolerant,4
1706,1208,2160,6,micro_dc_ucd,moderate,5
1707,1209,1200,2,micro_dc_dcu,tolerant,7
1708,1210,60,1,micro_dc_aau,tolerant,0
1709,1212,4800,10,micro_dc_aau,tolerant,0
1710,1213,960,8,micro_dc_dcu,tolerant,0
1711,1214,240,1,micro_dc_aau,tolerant,3
1712,1214,1440,8,micro_dc_aau,tolerant,12
1713,1215,420,1,micro_dc_aau,tolerant,10
1714,1215,480,1,micro_dc_aau,tolerant,2
1715,1217,360,6,micro_dc_dcu,tolerant,4
1716,1218,1680,4,micro_dc_aau,tolerant,0
1717,1220,360,2,micro_dc_ucd,tolerant,12
1718,1221,600,10,micro_dc_aau,tolerant,0
1719,1221,2400,8,micro_dc_aau,tolerant,0
1720,1223,360,1,micro_dc_dcu,tolerant,0
1721,1224,720,4,micro_dc_ucd,tolerant,0
1722,1225,1440,6,micro_dc_dcu,moderate,9
1723,1226,2400,4,micro_dc_aau,tolerant,3
1724,1228,3840,16,micro_dc_ucd,moderate,10
1725,1228,2400,4,micro_dc_aau,moderate,5
1726,1229,540,1,micro_dc_aau,tolerant,7
1727,1233,240,1,micro_dc_dcu,tolerant,15
1728,1234,2880,8,micro_dc_aau,tolerant,1
1729,1238,7680,16,micro_dc_aau,tolerant,0
1730,1238,300,1,micro_dc_dcu,tolerant,12
1731,1238,300,1,micro_dc_aau,tolerant,7
1732,1239,1440,6,micro_dc_aau,moderate,9
1733,1240,120,1,micro_dc_ucd,tolerant,14
1734,1245,60,1,micro_dc_aau,moderate,9
1735,1245,2400,10,micro_dc_ucd,moderate,10
1736,1245,3840,8,micro_dc_dcu,tolerant,11
1737,1246,1800,10,micro_dc_aau,critical,1
1738,1247,480,4,micro_dc_aau,critical,4
1739,1249,480,2,micro_dc_ucd,tolerant,11
1740,1251,3600,10,micro_dc_dcu,tolerant,8
1741,1252,360,2,micro_dc_ucd,tolerant,9
1742,1253,360,2,micro_dc_ucd,tolerant,0
1743,1253,1200,10,micro_dc_aau,tolerant,0
1744,1254,960,4,micro_dc_ucd,tolerant,8
1745,1254,1800,10,micro_dc_aau,tolerant,0
1746,1257,540,1,micro_dc_dcu,moderate,6
1747,1260,7200,12,micro_dc_ucd,tolerant,8
1748,1261,960,4,micro_dc_aau,tolerant,2
1749,1262,240,4,micro_dc_ucd,tolerant,13
1750,1263,600,10,micro_dc_ucd,moderate,9
1751,1265,480,2,micro_dc_ucd,moderate,6
1752,1266,1800,6,micro_dc_aau,tolerant,0
1753,1267,1440,4,micro_dc_dcu,moderate,5
1754,1269,1440,6,micro_dc_dcu,tolerant,0
1755,1270,2400,10,micro_dc_ucd,moderate,8
1756,1273,720,4,micro_dc_aau,tolerant,9
1757,1274,360,1,micro_dc_aau,tolerant,15
1758,1274,420,1,micro_dc_ucd,moderate,7
1759,1276,720,12,micro_dc_aau,moderate,8
1760,1276,3600,12,micro_dc_dcu,moderate,6
1761,1280,5040,12,micro_dc_aau,tolerant,11
1762,1281,420,1,micro_dc_ucd,moderate,9
1763,1284,720,2,micro_dc_aau,tolerant,7
1764,1286,2160,6,micro_dc_ucd,moderate,9
1765,1289,2520,6,micro_dc_dcu,moderate,4
1766,1289,240,1,micro_dc_ucd,tolerant,11
1767,1292,1440,4,micro_dc_ucd,tolerant,5
1768,1293,240,1,micro_dc_ucd,tolerant,1
1769,1293,1200,4,micro_dc_aau,tolerant,1
1770,1294,120,1,micro_dc_ucd,tolerant,0
1771,1294,240,1,micro_dc_aau,tolerant,0
1772,1295,120,1,micro_dc_dcu,tolerant,0
1773,1295,1800,10,micro_dc_ucd,tolerant,0
1774,1296,1800,6,micro_dc_dcu,tolerant,10
1775,1297,3600,10,micro_dc_dcu,moderate,10
1776,1298,2400,4,micro_dc_ucd,tolerant,2
1777,1299,120,2,micro_dc_dcu,tolerant,10
1778,1304,1080,2,micro_dc_aau,moderate,3
1779,1305,960,4,micro_dc_aau,critical,4
1780,1306,960,2,micro_dc_dcu,tolerant,9
1781,1309,2520,6,micro_dc_aau,tolerant,1
1782,1311,4800,8,micro_dc_aau,tolerant,9
1783,1311,960,8,micro_dc_ucd,critical,2
1784,1312,600,1,micro_dc_dcu,moderate,6
1785,1312,240,4,micro_dc_aau,moderate,6
1786,1318,540,1,micro_dc_ucd,moderate,6
1787,1319,420,1,micro_dc_dcu,tolerant,0
1788,1323,1800,6,micro_dc_aau,tolerant,6
1789,1323,960,4,micro_dc_ucd,moderate,8
1790,1323,360,6,micro_dc_aau,moderate,6
1791,1324,540,1,micro_dc_aau,tolerant,14
1792,1330,7680,16,micro_dc_dcu,tolerant,0
1793,1331,9600,16,micro_dc_dcu,tolerant,12
1794,1331,1920,4,micro_dc_dcu,critical,4
1795,1332,4800,8,micro_dc_dcu,tolerant,12
1796,1335,540,1,micro_dc_dcu,moderate,3
1797,1337,1800,6,micro_dc_dcu,tolerant,8
1798,1353,3840,8,micro_dc_dcu,moderate,9
1799,1354,1440,8,micro_dc_aau,moderate,6
1800,1357,3840,8,micro_dc_aau,tolerant,0
1801,1359,1680,4,micro_dc_dcu,moderate,3
1802,1362,2400,8,micro_dc_dcu,moderate,5
1803,1363,1680,4,micro_dc_ucd,moderate,4
1804,1366,180,1,micro_dc_ucd,tolerant,4
1805,1375,420,1,micro_dc_dcu,moderate,7
1806,1375,1800,6,micro_dc_ucd,tolerant,3
1807,1376,960,4,micro_dc_aau,tolerant,9
1808,1376,2400,4,micro_dc_ucd,tolerant,13
1809,1384,600,10,micro_dc_ucd,moderate,8
1810,1386,1920,4,micro_dc_ucd,tolerant,14
1811,1388,360,2,micro_dc_ucd,tolerant,0
1812,1391,360,2,micro_dc_dcu,tolerant,6
1813,1397,480,4,micro_dc_aau,tolerant,4
1814,1408,720,6,micro_dc_aau,tolerant,2
1815,1409,480,4,micro_dc_ucd,tolerant,0
1816,1411,2160,4,micro_dc_ucd,moderate,5
1817,1442,3600,6,micro_dc_dcu,tolerant,9
1818,1455,2160,6,micro_dc_ucd,tolerant,13
1819,1474,480,8,micro_dc_aau,moderate,4
1820,1498,540,1,micro_dc_ucd,critical,1
1821,1505,2520,6,micro_dc_dcu,moderate,6
1822,1580,1440,4,micro_dc_dcu,moderate,5
1823,1592,600,1,micro_dc_dcu,critical,1
1824,1631,1200,4,micro_dc_dcu,tolerant,7
1825,1652,1440,6,micro_dc_aau,critical,3
1826,1666,1920,4,micro_dc_dcu,critical,1
1827,1706,2160,6,micro_dc_dcu,tolerant,0
1828,1707,960,2,micro_dc_aau,moderate,9
1829,1707,420,1,micro_dc_aau,moderate,10
1830,1740,1080,2,micro_dc_aau,moderate,3
1831,1749,480,2,micro_dc_ucd,moderate,6
1832,1753,240,4,micro_dc_aau,tolerant,4
1833,1754,2400,8,micro_dc_aau,tolerant,8
1834,1755,2520,6,micro_dc_aau,moderate,9
1835,1764,540,1,micro_dc_aau,moderate,7
1836,1771,360,2,micro_dc_dcu,moderate,7
1837,1776,480,1,micro_dc_aau,moderate,5
1838,1777,2160,4,micro_dc_dcu,moderate,10
1839,1779,540,1,micro_dc_aau,critical,1
1840,1779,2160,4,micro_dc_dcu,tolerant,8
1841,1780,3600,6,micro_dc_aau,critical,4
1842,1785,1680,4,micro_dc_aau,tolerant,2
1843,1793,480,2,micro_dc_aau,tolerant,0
1844,1798,600,2,micro_dc_ucd,tolerant,0
1845,1801,1920,4,micro_dc_aau,tolerant,3
1846,1803,720,4,micro_dc_ucd,tolerant,15
1847,1807,420,1,micro_dc_aau,tolerant,8
1848,1811,2880,8,micro_dc_ucd,moderate,4
1849,1812,1680,4,micro_dc_ucd,moderate,4
1850,1815,1200,4,micro_dc_dcu,tolerant,12
1851,1817,480,1,micro_dc_dcu,moderate,4
1852,1820,120,2,micro_dc_aau,tolerant,0
1853,1820,960,2,micro_dc_dcu,tolerant,6
1854,1828,1080,2,micro_dc_ucd,tolerant,0
1855,1830,2160,4,micro_dc_dcu,tolerant,0
1856,1830,2400,4,micro_dc_dcu,moderate,9
1857,1838,2400,10,micro_dc_dcu,tolerant,3
1858,1840,600,10,micro_dc_dcu,moderate,3
1859,1840,420,1,micro_dc_aau,tolerant,8
1860,1844,60,1,micro_dc_aau,moderate,7
1861,1850,1080,6,micro_dc_ucd,critical,1
1862,1850,7680,16,micro_dc_ucd,tolerant,0
1863,1852,2880,8,micro_dc_ucd,tolerant,0
1864,1854,420,1,micro_dc_ucd,tolerant,5
1865,1859,960,2,micro_dc_aau,tolerant,0
1866,1860,120,1,micro_dc_dcu,tolerant,11
1867,1864,3840,8,micro_dc_dcu,tolerant,5
1868,1865,1440,4,micro_dc_dcu,moderate,8
1869,1865,1200,4,micro_dc_aau,critical,1
1870,1866,1200,4,micro_dc_aau,tolerant,0
1871,1866,720,2,micro_dc_dcu,tolerant,1
1872,1866,1440,4,micro_dc_dcu,tolerant,0
1873,1866,240,1,micro_dc_dcu,tolerant,0
1874,1867,720,4,micro_dc_aau,moderate,8
1875,1867,720,6,micro_dc_aau,tolerant,15
1876,1868,960,4,micro_dc_ucd,tolerant,0
1877,1869,360,2,micro_dc_aau,tolerant,2
1878,1870,2880,8,micro_dc_dcu,tolerant,0
1879,1870,3600,6,micro_dc_aau,tolerant,10
1880,1870,120,1,micro_dc_aau,tolerant,11
1881,1871,240,1,micro_dc_aau,moderate,10
1882,1871,240,4,micro_dc_ucd,tolerant,10
1883,1872,1200,2,micro_dc_ucd,moderate,3
1884,1872,480,1,micro_dc_aau,tolerant,0
1885,1874,180,1,micro_dc_ucd,moderate,9
1886,1875,300,1,micro_dc_ucd,tolerant,0
1887,1875,1920,4,micro_dc_ucd,tolerant,10
1888,1878,2400,4,micro_dc_dcu,moderate,5
1889,1880,360,1,micro_dc_ucd,moderate,3
1890,1881,1080,6,micro_dc_ucd,tolerant,0
1891,1884,840,2,micro_dc_dcu,tolerant,2
1892,1885,840,2,micro_dc_dcu,moderate,9
1893,1889,420,1,micro_dc_dcu,critical,1
1894,1890,360,6,micro_dc_aau,moderate,10
1895,1894,5760,12,micro_dc_aau,tolerant,11
1896,1896,240,4,micro_dc_ucd,tolerant,2
1897,1897,600,1,micro_dc_aau,tolerant,4
1898,1897,1080,2,micro_dc_ucd,tolerant,0
1899,1897,360,1,micro_dc_dcu,tolerant,11
1900,1897,3360,8,micro_dc_dcu,moderate,8
1901,1898,60,1,micro_dc_aau,tolerant,0
1902,1900,6480,12,micro_dc_ucd,moderate,9
1903,1900,720,4,micro_dc_aau,moderate,9
1904,1901,720,4,micro_dc_dcu,moderate,6
1905,1901,3840,8,micro_dc_aau,tolerant,8
1906,1902,600,1,micro_dc_aau,tolerant,3
1907,1902,1800,6,micro_dc_dcu,tolerant,10
1908,1902,360,1,micro_dc_ucd,tolerant,4
1909,1904,2880,8,micro_dc_aau,tolerant,5
1910,1908,720,4,micro_dc_dcu,tolerant,13
1911,1909,360,1,micro_dc_dcu,tolerant,11
1912,1909,4800,8,micro_dc_dcu,tolerant,0
1913,1917,240,1,micro_dc_ucd,critical,2
1914,1917,480,1,micro_dc_ucd,moderate,9
1915,1918,2880,6,micro_dc_aau,tolerant,0
1916,1918,2160,4,micro_dc_ucd,critical,2
1917,1919,4800,10,micro_dc_dcu,tolerant,4
1918,1920,2400,4,micro_dc_aau,tolerant,0
1919,1921,1920,4,micro_dc_ucd,moderate,4
1920,1922,1200,2,micro_dc_dcu,tolerant,0
1921,1922,480,1,micro_dc_aau,tolerant,1
1922,1922,6480,12,micro_dc_aau,tolerant,9
1923,1923,540,1,micro_dc_ucd,tolerant,0
1924,1924,2400,4,micro_dc_dcu,moderate,6
1925,1927,720,2,micro_dc_ucd,tolerant,8
1926,1927,960,2,micro_dc_dcu,tolerant,4
1927,1928,2400,4,micro_dc_ucd,tolerant,1
1928,1929,1440,6,micro_dc_aau,tolerant,4
1929,1930,720,6,micro_dc_ucd,tolerant,0
1930,1932,4320,8,micro_dc_aau,moderate,3
1931,1933,840,2,micro_dc_dcu,moderate,9
1932,1933,1200,4,micro_dc_aau,tolerant,0
1933,1934,480,1,micro_dc_ucd,moderate,4
1934,1934,360,6,micro_dc_ucd,tolerant,13
1935,1935,600,2,micro_dc_dcu,tolerant,6
1936,1935,720,4,micro_dc_aau,tolerant,0
1937,1935,180,1,micro_dc_aau,tolerant,14
1938,1937,4800,8,micro_dc_aau,moderate,9
1939,1939,2880,8,micro_dc_dcu,critical,4
1940,1941,960,8,micro_dc_aau,tolerant,0
1941,1942,240,1,micro_dc_dcu,tolerant,0
1942,1943,2880,16,micro_dc_aau,moderate,8
1943,1944,600,1,micro_dc_aau,tolerant,0
1944,1945,360,2,micro_dc_aau,tolerant,5
1945,1946,240,1,micro_dc_dcu,critical,1
1946,1947,480,2,micro_dc_dcu,moderate,6
1947,1948,480,4,micro_dc_dcu,critical,1
1948,1951,480,1,micro_dc_aau,tolerant,11
1949,1951,720,2,micro_dc_aau,tolerant,0
1950,1952,1200,4,micro_dc_aau,tolerant,7
1951,1953,1920,8,micro_dc_aau,critical,1
1952,1954,1680,4,micro_dc_aau,tolerant,0
1953,1954,240,4,micro_dc_aau,tolerant,0
1954,1955,600,1,micro_dc_aau,tolerant,0
1955,1956,2880,8,micro_dc_aau,moderate,8
1956,1956,180,1,micro_dc_ucd,moderate,6
1957,1956,720,2,micro_dc_aau,moderate,5
1958,1958,540,1,micro_dc_dcu,tolerant,0
1959,1958,480,4,micro_dc_aau,moderate,6
1960,1959,720,2,micro_dc_dcu,tolerant,0
1961,1959,1440,4,micro_dc_dcu,tolerant,10
1962,1960,1080,2,micro_dc_aau,tolerant,1
1963,1963,1440,4,micro_dc_dcu,tolerant,4
1964,1963,1920,4,micro_dc_aau,tolerant,11
1965,1964,480,1,micro_dc_ucd,critical,2
1966,1965,1080,2,micro_dc_aau,tolerant,10
1967,1965,960,4,micro_dc_dcu,tolerant,2
1968,1965,1920,4,micro_dc_aau,moderate,10
1969,1966,180,1,micro_dc_ucd,moderate,9
1970,1967,2160,4,micro_dc_dcu,tolerant,7
1971,1967,1200,2,micro_dc_dcu,moderate,9
1972,1969,180,1,micro_dc_ucd,tolerant,0
1973,1970,360,1,micro_dc_dcu,tolerant,13
1974,1972,2160,4,micro_dc_dcu,moderate,9
1975,1973,120,2,micro_dc_aau,tolerant,10
1976,1974,1920,4,micro_dc_aau,tolerant,0
1977,1975,540,1,micro_dc_dcu,tolerant,0
1978,1976,3240,6,micro_dc_dcu,tolerant,0
1979,1976,240,2,micro_dc_ucd,tolerant,10
1980,1977,1920,4,micro_dc_aau,critical,4
1981,1978,2880,6,micro_dc_aau,tolerant,13
1982,1979,120,2,micro_dc_aau,moderate,5
1983,1980,480,1,micro_dc_dcu,tolerant,0
1984,1984,1680,4,micro_dc_dcu,moderate,8
1985,1985,9600,16,micro_dc_aau,tolerant,12
1986,1987,720,12,micro_dc_aau,tolerant,14
1987,1988,600,1,micro_dc_ucd,tolerant,0
1988,1988,2160,6,micro_dc_dcu,tolerant,6
1989,1988,360,2,micro_dc_dcu,critical,3
1990,1990,240,1,micro_dc_dcu,moderate,7
1991,1990,1920,4,micro_dc_dcu,moderate,10
1992,1990,2400,4,micro_dc_ucd,tolerant,6
1993,1991,960,4,micro_dc_dcu,tolerant,4
1994,1993,4800,8,micro_dc_ucd,moderate,10
1995,1994,840,2,micro_dc_ucd,moderate,10
1996,1995,480,4,micro_dc_ucd,tolerant,8
1997,1996,720,2,micro_dc_dcu,moderate,6
1998,1997,540,1,micro_dc_dcu,tolerant,15
1999,1998,120,2,micro_dc_dcu,critical,3
